Player,Nation,Pos,Age,MP,Starts,Min,nineties,Gls,Ast,PK,PKatt,CrdY,CrdR,xG,npxG,xAG,PrgC,PrgP,PrgR,Gls_pr90,Ast_pr90,xG_pr90,xAG_pr90,npxG_pr90,team,base_salary,guaranteed_compensation
Thiago Almada,ARG,"MF,FW",20,29,25,2372,26.4,6,7,0,0,4,1,6,6,7.6,94,221,185,0.23,0.27,0.23,0.29000000000000004,0.23,Atlanta United,16.5,233.2
Brooks Lennon,USA,"DF,FW",24,25,22,2033,22.6,2,6,0,0,1,0,1.8,1.8,7.9,61,67,236,0.09,0.27,0.08,0.35,0.08,Atlanta United,7,70
Andrew Gutman,USA,DF,25,25,22,1962,21.8,4,1,0,0,5,0,4.4,4.4,1.5,51,84,101,0.18,0.05,0.2,0.07,0.2,Atlanta United,3.5,38.125
Matheus Rossetto,BRA,MF,25,24,19,1602,17.8,0,1,0,0,0,0,0.6,0.6,0.9,27,117,33,0,0.06,0.04,0.05,0.04,Atlanta United,6.5,76.4375
Caleb Wiley,USA,"DF,FW",17,26,18,1497,16.6,1,1,0,0,1,0,1.3,1.3,2.4,58,44,139,0.06,0.06,0.08,0.15000000000000002,0.08,Atlanta United,0.85444,8.7044
Amar Sejdic,USA,MF,25,23,18,1306,14.5,0,1,0,0,5,0,0.4,0.4,1.7,7,71,28,0,0.07,0.03,0.12000000000000001,0.03,Atlanta United,0.85444,9.2111
George Campbell,USA,DF,20,20,16,1476,16.4,0,0,0,0,3,0,0.7,0.7,0.7,21,63,6,0,0,0.04,0.05,0.04,Atlanta United,3.25,36.5625
Santiago Sosa,ARG,MF,22,21,15,1409,15.7,1,0,0,0,5,0,1.2,1.2,0.9,15,146,13,0.06,0,0.08,0.06,0.08,Atlanta United,5.75,69.31
Josef Martínez,VEN,FW,28,26,12,1465,16.3,9,4,1,1,0,0,8.7,7.9,2.2,12,31,79,0.55,0.25,0.53,0.14,0.49,Atlanta United,40,439.1667
Franco Ibarra,ARG,MF,20,20,11,979,10.9,0,1,0,0,5,0,0.6,0.6,1,4,45,12,0,0.09,0.05,0.09,0.05,Atlanta United,5.5,62
Ronald Hernández,VEN,DF,24,13,11,761,8.5,0,0,0,0,2,0,0.1,0.1,0.3,21,43,34,0,0,0.01,0.04,0.01,Atlanta United,3.75,37.5
Miles Robinson,USA,DF,24,9,8,659,7.3,0,0,0,0,3,1,0.4,0.4,0.1,5,37,1,0,0,0.05,0.02,0.05,Atlanta United,14,143.75
Aiden McFadden,USA,DF,23,11,8,639,7.1,0,0,0,0,2,0,0.2,0.2,1.5,20,14,49,0,0,0.03,0.21000000000000002,0.03,Atlanta United,0.85444,8.5444
Brad Guzan,USA,GK,37,7,7,612,6.8,0,0,0,0,0,0,0,0,0,0,0,0,0,0,0,0,0,Atlanta United,6,61.25
Dom Dwyer,USA,FW,31,22,5,617,6.9,4,0,0,0,6,1,3.9,3.9,0.6,6,12,41,0.58,0,0.5700000000000001,0.09,0.5700000000000001,Atlanta United,0.85444,8.5444
Osvaldo Alonso,CUB,MF,36,4,4,331,3.7,0,0,0,0,2,0,0,0,0,3,27,6,0,0,0.01,0.01,0.01,Atlanta United,0.882,8.82
Tyler Wolff,USA,"FW,MF",18,5,4,253,2.8,0,0,0,0,0,0,0.3,0.3,0.2,1,9,16,0,0,0.11,0.06,0.11,Atlanta United,1.2,12.45
Edwin Mosquera,COL,"FW,DF",20,12,1,312,3.5,0,2,0,0,3,0,0.5,0.5,0.9,19,7,52,0,0.58,0.16,0.26,0.16,Atlanta United,3.75,41.2
Jackson Conway,USA,"FW,MF",20,3,0,36,0.4,0,0,0,0,1,0,0.4,0.4,0,0,0,2,0,0,0.98,0.06,0.98,Atlanta United,0.89716,8.9716
Noah Cobb,USA,DF,16,0,0,NA,NA,NA,NA,NA,NA,NA,NA,NA,NA,NA,NA,NA,NA,NA,NA,NA,NA,NA,Atlanta United,0.6736,6.736
Justin Garces,USA,GK,21,0,0,NA,NA,NA,NA,NA,NA,NA,NA,NA,NA,NA,NA,NA,NA,NA,NA,NA,NA,NA,Atlanta United,0.68775,6.8775
Sebastián Driussi,ARG,MF,25,34,32,2876,32,22,5,4,4,6,0,16,13,4.5,54,158,174,0.69,0.16,0.5,0.14,0.41000000000000003,Austin FC,38,602.25
Alexander Ring,FIN,MF,30,34,32,2780,30.9,4,3,0,0,7,0,5,5,3.3,41,177,118,0.13,0.1,0.16,0.11,0.16,Austin FC,15,164
Diego Fagúndez,URU,FW,26,34,32,2703,30,6,12,0,0,4,0,3.8,3.8,7.9,52,115,300,0.2,0.4,0.13,0.26,0.13,Austin FC,10,106
Julio Cascante,CRC,DF,28,32,31,2714,30.2,3,2,0,0,6,0,3.8,3.8,0.9,22,143,11,0.1,0.07,0.13,0.03,0.13,Austin FC,6.2,69.375
Brad Stuver,USA,GK,30,31,31,2708,30.1,0,0,0,0,2,0,0,0,0,0,3,0,0,0,0,0,0,Austin FC,4.08,43.0813
Maximiliano Urruti,ARG,FW,30,32,28,2184,24.3,9,0,0,0,6,0,6.3,6.3,1.3,25,28,78,0.37,0,0.26,0.05,0.26,Austin FC,7,73.625
Daniel Pereira,VEN,MF,21,30,26,2087,23.2,2,0,0,0,9,2,1.2,1.2,1.2,33,141,33,0.09,0,0.05,0.05,0.05,Austin FC,1,11.8414
Nick Lima,USA,DF,27,34,25,2344,26,0,4,0,0,3,0,0.8,0.8,2.6,38,89,68,0,0.15000000000000002,0.03,0.1,0.03,Austin FC,3.75,37.5
Jon Gallagher,IRL,DF,25,32,23,2127,23.6,1,4,0,0,3,0,0.4,0.4,1.9,64,109,79,0.04,0.17,0.02,0.08,0.02,Austin FC,3,30
Ethan Finlay,USA,FW,31,34,21,1823,20.3,5,5,0,0,0,0,4.5,4.5,3.1,32,33,186,0.25,0.25,0.22,0.15000000000000002,0.22,Austin FC,4.25,42.5
Owen Wolff,USA,"FW,MF",17,24,11,913,10.1,0,1,0,0,1,0,0.3,0.3,1.6,18,32,67,0,0.1,0.03,0.16,0.03,Austin FC,1,11.3053
Jhojan Valencia,COL,MF,25,13,4,471,5.2,0,1,0,0,5,0,0,0,0.2,2,20,0,0,0.19,0,0.05,0,Austin FC,4,44.5125
Andrew Tarbell,USA,GK,28,4,3,352,3.9,0,0,0,0,0,0,0,0,0,0,0,0,0,0,0,0,0,Austin FC,2.5,28
Jhohan Romaña,COL,DF,23,10,3,336,3.7,0,0,0,0,1,0,0.2,0.2,0,1,16,1,0,0,0.05,0.01,0.05,Austin FC,4.6,46
Kipp Keller,USA,DF,21,6,3,318,3.5,0,0,0,0,4,1,0,0,0,0,11,0,0,0,0,0.01,0,Austin FC,1,11.25
Emiliano Rigoni,ARG,FW,28,7,3,283,3.1,0,0,0,0,0,0,0.1,0.1,1.1,7,4,29,0,0,0.04,0.35,0.04,Austin FC,15.99996,204.7996
Rodney Redes,PAR,"FW,MF",21,12,0,172,1.9,0,0,0,0,1,0,0.4,0.4,0,4,7,23,0,0,0.19,0,0.19,Austin FC,4.4,44
Jared Stroud,USA,"MF,FW",25,5,0,45,0.5,0,0,0,0,0,0,0,0,0,0,0,1,0,0,0,0,0,Austin FC,0.882,10.32
Damian Las,USA,GK,19,0,0,NA,NA,NA,NA,NA,NA,NA,NA,NA,NA,NA,NA,NA,NA,NA,NA,NA,NA,NA,Austin FC,0.6736,6.736
Joel Waterman,CAN,DF,26,30,30,2671,29.7,3,2,0,0,12,0,2.7,2.7,1.5,21,144,14,0.1,0.07,0.09,0.05,0.09,CF Montreal,1.61369,28.8202
Victor Wanyama,KEN,MF,30,32,30,2633,29.3,1,3,0,0,8,0,3,3,2.9,32,185,33,0.03,0.1,0.1,0.1,0.1,CF Montreal,14.4,180
Rudy Camacho,FRA,DF,30,28,28,2478,27.5,1,0,0,0,6,0,0.8,0.8,0.6,18,107,6,0.04,0,0.03,0.02,0.03,CF Montreal,5,55.4
Kamal Miller,CAN,DF,24,27,26,2295,25.5,2,3,0,0,5,1,2.8,2.8,2.3,32,186,34,0.08,0.12000000000000001,0.11,0.09,0.11,CF Montreal,3.75,42
Lassi Lappalainen,FIN,"DF,MF",23,28,26,1928,21.4,3,5,0,0,1,0,3.8,3.8,3.2,79,95,223,0.14,0.23,0.18,0.15000000000000002,0.18,CF Montreal,6.3,66
Romell Quioto,HON,FW,30,30,24,2045,22.7,15,5,4,5,5,1,14.8,10.9,4.4,60,35,224,0.6599999999999999,0.22,0.65,0.19,0.48000000000000004,CF Montreal,9.5,103.5
Samuel Piette,CAN,MF,27,26,16,1490,16.6,0,3,0,0,5,0,0.3,0.3,1.4,15,117,22,0,0.18,0.02,0.08,0.02,CF Montreal,3.97375,46.9563
Joaquín Torres,ARG,"MF,FW",25,27,15,1311,14.6,3,2,0,1,3,0,3.8,3,2.2,47,71,99,0.21000000000000002,0.14,0.26,0.15000000000000002,0.21000000000000002,CF Montreal,2.6,30.98
Kei Kamara,SLE,FW,37,32,14,1561,17.3,9,7,0,0,1,0,6.6,6.6,2.6,27,31,106,0.52,0.4,0.38,0.15000000000000002,0.38,CF Montreal,2,21
Gabriele Corbo,ITA,DF,22,14,13,1132,12.6,0,0,0,0,3,0,0.3,0.3,0.6,4,54,1,0,0,0.02,0.05,0.02,CF Montreal,2.1635,21.635
James Pantemis,CAN,GK,24,11,11,990,11,0,0,0,0,0,0,0,0,0,0,0,0,0,0,0,0,0,CF Montreal,1.44996,16.3996
Mason Toye,USA,FW,23,18,8,726,8.1,2,0,0,0,1,0,3.1,3.1,0.3,10,10,54,0.25,0,0.38,0.03,0.38,CF Montreal,5.5,60.8
Matko Miljevic,USA,"MF,FW",20,22,6,694,7.7,1,1,1,1,3,0,2.3,1.5,1.6,26,46,44,0.13,0.13,0.3,0.2,0.19,CF Montreal,5.45455,59.3364
Zachary Brault-Guillard,CAN,DF,23,18,5,629,7,4,2,0,0,1,0,1.2,1.2,1.6,21,30,63,0.5700000000000001,0.29000000000000004,0.17,0.23,0.17,CF Montreal,2.75,31.9375
Ahmed Hamdi,EGY,MF,23,9,3,332,3.7,0,1,0,0,2,0,0.4,0.4,0.3,4,10,16,0,0.27,0.11,0.09,0.11,CF Montreal,5,59.75
Jojea Kwizera,CGO,"DF,MF",23,8,3,276,3.1,0,1,0,0,1,0,0.1,0.1,0.1,15,18,46,0,0.32999999999999996,0.03,0.02,0.03,CF Montreal,0.68775,6.8775
Sunusi Ibrahim,NGA,"MF,FW",19,6,3,236,2.6,0,0,0,0,0,0,0.2,0.2,0.2,7,5,22,0,0,0.08,0.08,0.08,CF Montreal,2,29.125
Rida Zouhir,CAN,MF,18,5,1,122,1.4,0,0,0,0,1,0,0.1,0.1,0.6,5,3,5,0,0,0.07,0.43000000000000005,0.07,CF Montreal,0.85444,9.234
Logan Ketterer,USA,GK,28,0,0,NA,NA,NA,NA,NA,NA,NA,NA,NA,NA,NA,NA,NA,NA,NA,NA,NA,NA,NA,CF Montreal,0.882,8.82
Brandt Bronico,USA,MF,26,34,32,2812,31.2,1,1,0,0,7,0,1.7,1.7,0.6,31,141,44,0.03,0.03,0.06,0.02,0.06,Charlotte FC,3.1,34.8375
Kristijan Kahlina,CRO,GK,29,31,31,2790,31,0,0,0,0,1,0,0,0,0,0,1,0,0,0,0,0,0,Charlotte FC,5,52.6875
Guzmán Corujo,URU,DF,25,25,25,2063,22.9,1,0,0,0,4,0,1.2,1.2,0.4,11,59,3,0.04,0,0.05,0.02,0.05,Charlotte FC,6.25,65.85
Ben Bender,USA,MF,20,28,19,1645,18.3,3,6,0,0,1,0,2.7,2.7,3.3,34,76,90,0.16,0.32999999999999996,0.15000000000000002,0.18,0.15000000000000002,Charlotte FC,0.85444,10.5444
Jaylin Lindsey,USA,DF,21,26,18,1669,18.5,0,1,0,0,2,0,0.2,0.2,1.7,34,89,71,0,0.05,0.01,0.09,0.01,Charlotte FC,2.5,28.625
Harrison Afful,GHA,DF,35,21,15,1306,14.5,0,0,0,0,4,0,0.5,0.5,0.4,20,98,27,0,0,0.03,0.03,0.03,Charlotte FC,0.85444,8.5444
McKinze Gaines,USA,"MF,FW",23,24,11,1073,11.9,1,4,0,0,3,0,1.8,1.8,4,61,24,131,0.08,0.33999999999999997,0.15000000000000002,0.32999999999999996,0.15000000000000002,Charlotte FC,1,10.275
Derrick Jones,USA,MF,24,16,10,944,10.5,1,0,0,0,3,0,1.4,1.4,0.1,7,31,9,0.1,0,0.13,0.01,0.13,Charlotte FC,3.25,34.7969
Christian Makoun,VEN,DF,21,13,8,856,9.5,0,0,0,0,1,0,0.6,0.6,0.3,5,25,0,0,0,0.06,0.03,0.06,Charlotte FC,2.25,22.5
Kerwin Vargas,COL,"FW,MF",20,13,8,633,7,0,0,0,0,0,0,0.9,0.9,1.1,16,12,64,0,0,0.14,0.15000000000000002,0.14,Charlotte FC,3.75,41.2125
Adilson Malanda,FRA,DF,20,6,6,540,6,0,1,0,0,0,0,0.2,0.2,0.2,1,21,0,0,0.17,0.03,0.04,0.03,Charlotte FC,2.75,30.3083
Nathan Byrne,ENG,DF,29,5,3,290,3.2,0,0,0,0,0,0,0,0,0,7,14,2,0,0,0,0,0,Charlotte FC,5.6,60.7833
Pablo Sisniega,MEX,GK,26,2,2,180,2,0,0,0,0,0,0,0,0,0,0,0,0,0,0,0,0,0,Charlotte FC,1.9,21.0667
George Marks,USA,GK,22,1,1,90,1,0,0,0,0,0,0,0,0,0,0,0,0,0,0,0,0,0,Charlotte FC,0.68775,6.8775
Adam Armour,USA,MF,19,5,0,85,0.9,1,0,0,0,1,0,0.2,0.2,0.2,5,3,5,1.06,0,0.17,0.24000000000000002,0.17,Charlotte FC,0.85444,8.5444
Chris Hegardt,USA,"MF,FW",20,3,0,19,0.2,0,0,0,0,1,0,0,0,0.4,3,2,3,0,0,0,1.96,0,Charlotte FC,0.85444,9.2956
Federico Navarro,ARG,MF,21,30,27,2461,27.3,2,2,0,0,8,1,1.7,1.7,0.9,18,126,19,0.07,0.07,0.06,0.03,0.06,Chicago Fire,4.5,50.75
Xherdan Shaqiri,SUI,MF,30,29,27,2252,25,7,7,4,4,4,0,6.6,3.4,7.6,59,184,213,0.28,0.28,0.26,0.3,0.14,Chicago Fire,73.5,815.3
Rafael Czichos,GER,DF,31,26,26,2331,25.9,3,0,0,0,8,1,2.7,2.7,0.8,18,88,6,0.12000000000000001,0,0.1,0.03,0.1,Chicago Fire,13,133.6667
Miguel Navarro,VEN,DF,22,25,24,2172,24.1,0,1,0,0,9,1,0.4,0.4,2.2,22,103,76,0,0.04,0.02,0.09,0.02,Chicago Fire,2.60004,29.9004
Mauricio Pineda,USA,"MF,DF",24,27,23,1998,22.2,1,0,0,0,5,0,1.5,1.5,1.3,26,73,31,0.05,0,0.07,0.06,0.07,Chicago Fire,2.55,28.622
Chris Mueller,USA,FW,25,24,23,1962,21.8,4,5,0,1,5,0,5.8,5,4,82,82,201,0.18,0.23,0.26,0.18,0.23,Chicago Fire,6,66.232
Gastón Giménez,PAR,MF,30,22,20,1695,18.8,0,2,0,0,6,0,1.2,1.2,1.6,22,100,29,0,0.11,0.06,0.09,0.06,Chicago Fire,16,163.3333
Brian Gutiérrez,USA,"FW,MF",18,33,20,1637,18.2,2,5,0,0,4,1,2.9,2.9,2.7,29,81,118,0.11,0.27,0.16,0.15000000000000002,0.16,Chicago Fire,2.00004,24.0004
Carlos Terán,COL,DF,21,22,19,1674,18.6,1,0,0,0,6,0,1.7,1.7,0.3,4,40,1,0.05,0,0.09,0.01,0.09,Chicago Fire,2.60004,35.0004
Wyatt Omsberg,USA,DF,26,14,14,1259,14,1,0,0,0,2,0,1.6,1.6,0.3,1,29,2,0.07,0,0.12000000000000001,0.02,0.12000000000000001,Chicago Fire,1.7,18.7
Fabian Herbers,GER,"FW,MF",28,25,10,1076,12,1,1,0,0,4,0,1.3,1.3,1.3,21,48,68,0.08,0.08,0.11,0.11,0.11,Chicago Fire,3.1,33.125
Jairo Torres,MEX,"FW,MF",21,14,6,687,7.6,0,0,0,0,1,0,1.1,1.1,0.6,23,24,57,0,0,0.15000000000000002,0.08,0.15000000000000002,Chicago Fire,11.00004,146.9337
Chinonso Offor,NGA,FW,21,7,3,268,3,1,0,0,0,1,0,1.4,1.4,0.2,4,6,22,0.33999999999999997,0,0.46,0.06,0.46,Chicago Fire,2,25.7875
Kendall Burks,USA,DF,22,4,2,182,2,0,0,0,0,0,0,0.3,0.3,0,0,4,0,0,0,0.13,0,0.13,Chicago Fire,0.882,8.82
Spencer Richey,USA,GK,29,1,1,90,1,0,0,0,0,0,0,0,0,0,0,0,0,0,0,0,0,0,Chicago Fire,1.32,13.2
Victor Bezerra,USA,"FW,DF",21,5,0,47,0.5,0,0,0,0,1,0,0,0,0,0,2,3,0,0,0,0,0,Chicago Fire,0.85444,9.7905
Javier Casas,USA,MF,18,5,0,38,0.4,0,0,0,0,1,0,0,0,0,1,2,0,0,0,0,0,0,Chicago Fire,0.85444,8.7344
Sergio Oregel,USA,MF,16,1,0,12,0.1,0,0,0,0,0,0,0,0,0,0,2,0,0,0,0,0,0,Chicago Fire,0.6736,6.736
Alex Monis,USA,FW,18,1,0,2,0,1,0,0,0,0,0,0.5,0.5,0,0,0,0,45,0,21.01,0,21.01,Chicago Fire,0.85444,8.7344
William Yarbrough,USA,GK,32,34,34,3014,33.5,0,0,0,0,4,0,0,0,0,0,0,0,0,0,0,0,0,Colorado Rapids,4,47.5
Keegan Rosenberry,USA,"DF,MF",28,34,33,2961,32.9,2,1,0,0,4,0,0.8,0.8,1.6,33,130,74,0.06,0.03,0.03,0.05,0.03,Colorado Rapids,4,40
Lalas Abubakar,GHA,DF,27,32,29,2522,28,4,1,0,0,9,0,2.4,2.4,0.5,6,56,4,0.14,0.04,0.09,0.02,0.09,Colorado Rapids,6.65,70.2125
Diego Rubio,CHI,"MF,FW",28,30,28,2436,27.1,16,5,4,4,10,1,12.4,9.2,5.8,52,146,146,0.59,0.18,0.46,0.21000000000000002,0.33999999999999997,Colorado Rapids,6.6,71.4667
Jonathan Lewis,USA,"FW,MF",24,33,25,2208,24.5,5,2,0,0,4,0,8.1,8.1,2.1,81,40,186,0.2,0.08,0.32999999999999996,0.08,0.32999999999999996,Colorado Rapids,4.1,43.5
Danny Wilson,SCO,DF,30,26,25,2101,23.3,0,1,0,0,7,0,1.4,1.4,0.8,2,76,2,0,0.04,0.06,0.04,0.06,Colorado Rapids,3.3,35.475
Gyasi Zardes,USA,FW,30,26,24,2059,22.9,9,2,1,1,1,0,10.2,9.4,3.3,15,29,95,0.39,0.09,0.44,0.15000000000000002,0.41000000000000003,Colorado Rapids,8,80
Bryan Acosta,HON,MF,28,26,22,1898,21.1,0,2,0,0,11,1,0.6,0.6,3.7,13,90,30,0,0.09,0.03,0.18,0.03,Colorado Rapids,6.75,73.1667
Michael Barrios,COL,"FW,MF",30,34,19,1906,21.2,2,6,0,0,5,0,4.3,4.3,5.9,74,54,215,0.09,0.28,0.21000000000000002,0.28,0.21000000000000002,Colorado Rapids,6.5,68
Mark-Anthony Kaye,CAN,MF,27,17,15,1280,14.2,3,1,0,0,2,0,1.9,1.9,1.7,20,79,29,0.21000000000000002,0.07,0.13,0.12000000000000001,0.13,Colorado Rapids,7.5,75
Steven Beitashour,IRN,"DF,MF",34,19,14,1313,14.6,0,2,0,0,3,0,0.2,0.2,0.7,15,56,31,0,0.14,0.01,0.05,0.01,Colorado Rapids,1.5,17.25
Jack Price,ENG,MF,29,17,14,1110,12.3,0,1,0,0,3,0,0,0,2.3,8,73,12,0,0.08,0,0.19,0,Colorado Rapids,7.625,82.5
Felipe Gutiérrez,CHI,MF,31,12,10,840,9.3,0,2,0,0,3,0,0.8,0.8,1.3,16,59,21,0,0.21000000000000002,0.09,0.14,0.09,Colorado Rapids,1.65,16.5
Sam Nicholson,SCO,"MF,FW",27,15,10,831,9.2,1,0,0,0,0,0,0.7,0.7,1.4,27,21,60,0.11,0,0.08,0.15000000000000002,0.08,Colorado Rapids,3.25,36.0313
Gustavo Vallecilla,ECU,DF,22,12,7,567,6.3,0,0,0,0,4,2,0.2,0.2,0.1,3,12,3,0,0,0.03,0.01,0.03,Colorado Rapids,3.36,36.888
Collen Warner,USA,MF,33,18,6,640,7.1,1,0,0,0,3,0,1.3,1.3,0.2,3,38,4,0.14,0,0.18,0.03,0.18,Colorado Rapids,0.85444,8.5444
Anthony Markanich,USA,DF,22,3,3,234,2.6,0,0,0,0,0,0,0.2,0.2,0.3,3,8,11,0,0,0.08,0.1,0.08,Colorado Rapids,0.68775,6.8775
Ralph Priso-Mbongue,CAN,MF,19,6,3,190,2.1,0,0,0,0,2,0,0,0,0.6,3,12,4,0,0,0,0.28,0,Colorado Rapids,0.89716,8.9716
Darren Yapi,USA,"FW,MF",17,11,1,173,1.9,0,0,0,0,2,0,0.7,0.7,0.2,6,4,12,0,0,0.36,0.09,0.36,Colorado Rapids,0.85444,9.6277
Abraham Rodriguez,USA,GK,19,1,0,46,0.5,0,0,0,0,0,0,0,0,0,0,0,0,0,0,0,0,0,Colorado Rapids,0.882,8.82
Dantouma Toure,GUI,"FW,MF",17,5,0,38,0.4,1,0,0,0,1,0,0.3,0.3,0,1,0,5,2.3699999999999997,0,0.81,0,0.81,Colorado Rapids,0.85444,10.0062
Sebastian Anderson,USA,"DF,MF",19,2,0,10,0.1,0,0,0,0,0,0,0,0,0,0,1,0,0,0,0,0,0,Colorado Rapids,1.2,12.1667
Clint Irwin,USA,GK,32,0,0,NA,NA,NA,NA,NA,NA,NA,NA,NA,NA,NA,NA,NA,NA,NA,NA,NA,NA,NA,Colorado Rapids,1.9,20.3533
Darlington Nagbe,USA,MF,31,34,34,3036,33.7,3,0,0,0,4,0,1.8,1.8,1.6,52,182,35,0.09,0,0.05,0.05,0.05,Columbus Crew,18,180
Steven Moreira,CPV,DF,27,32,32,2783,30.9,1,5,0,0,6,0,0.7,0.7,3.1,73,148,177,0.03,0.16,0.02,0.1,0.02,Columbus Crew,7,78.2708
Jonathan Mensah,GHA,DF,31,30,30,2572,28.6,2,1,0,0,7,0,1.6,1.5,0.2,6,83,3,0.07,0.03,0.06,0.01,0.05,Columbus Crew,10.25,116.5667
Pedro Santos,POR,DF,33,29,28,2333,25.9,1,2,0,1,6,0,1.8,1.1,2.5,61,146,113,0.04,0.08,0.07,0.1,0.04,Columbus Crew,3.5,39
Aidan Morris,USA,MF,20,27,20,1811,20.1,0,0,0,0,3,0,0.8,0.8,0.4,17,101,38,0,0,0.04,0.02,0.04,Columbus Crew,5,56.25
Luis Díaz,CRC,FW,23,26,17,1531,17,3,5,0,0,6,1,1.8,1.8,2.6,81,35,185,0.18,0.29000000000000004,0.11,0.15000000000000002,0.11,Columbus Crew,5,53.39
Josh Williams,USA,DF,33,23,15,1427,15.9,0,1,0,0,2,0,0.4,0.4,0.5,2,31,1,0,0.06,0.02,0.03,0.02,Columbus Crew,3.25,32.5
Miguel Berry,ESP,FW,24,16,13,970,10.8,2,0,0,0,0,0,2.7,2.7,0.8,9,13,47,0.19,0,0.25,0.08,0.25,Columbus Crew,1.35,13.5
Yaw Yeboah,GHA,FW,24,19,10,791,8.8,0,1,0,0,1,0,1.8,1.8,2.2,35,28,71,0,0.11,0.21000000000000002,0.25,0.21000000000000002,Columbus Crew,6,66.375
Kevin Molino,TRI,FW,31,11,4,441,4.9,1,0,0,0,0,0,0.4,0.4,0.2,8,26,30,0.2,0,0.08,0.04,0.08,Columbus Crew,7.35367,73.5367
Erik Hurtado,USA,FW,31,14,4,423,4.7,3,0,0,0,2,0,1.3,1.3,0.5,7,1,27,0.64,0,0.27,0.11,0.27,Columbus Crew,0.85444,10.2216
Sean Zawadzki,USA,MF,21,5,4,289,3.2,1,0,0,0,0,0,0,0,0,1,8,1,0.31,0,0.01,0,0.01,Columbus Crew,0.882,9.32
Jacen Russell-Rowe,CAN,FW,19,6,3,228,2.5,0,2,0,0,1,0,0.4,0.4,0.5,0,1,21,0,0.7899999999999999,0.17,0.22,0.17,Columbus Crew,0.6736,7.4749
Gyasi Zardes,USA,FW,30,7,1,206,2.3,1,0,0,0,0,0,2,2,0.3,3,7,16,0.44,0,0.89,0.12000000000000001,0.89,Columbus Crew,8,80
Mohamed Farsi,CAN,"DF,FW",22,7,0,85,0.9,0,1,0,0,0,0,0,0,0.2,9,4,9,0,1.06,0,0.17,0,Columbus Crew,0.6736,7.4735
Evan Bush,USA,GK,35,0,0,NA,NA,NA,NA,NA,NA,NA,NA,NA,NA,NA,NA,NA,NA,NA,NA,NA,NA,NA,Columbus Crew,0.882,8.82
Jake Morris,USA,DF,22,0,0,NA,NA,NA,NA,NA,NA,NA,NA,NA,NA,NA,NA,NA,NA,NA,NA,NA,NA,NA,Columbus Crew,0.85444,8.5444
Isaiah Parente,USA,MF,21,0,0,NA,NA,NA,NA,NA,NA,NA,NA,NA,NA,NA,NA,NA,NA,NA,NA,NA,NA,NA,Columbus Crew,0.85444,8.9444
Brady Scott,USA,GK,22,0,0,NA,NA,NA,NA,NA,NA,NA,NA,NA,NA,NA,NA,NA,NA,NA,NA,NA,NA,NA,Columbus Crew,0.882,8.82
Steve Birnbaum,USA,DF,31,32,32,2849,31.7,2,0,0,0,8,1,1.7,1.6,1.1,5,65,14,0.06,0,0.05,0.04,0.05,DC United,8.15,81.5
Chris Durkin,USA,MF,21,29,24,2242,24.9,1,4,0,0,6,1,1.1,1.1,3.4,36,145,76,0.04,0.16,0.04,0.14,0.04,DC United,4.25,48.125
Brendan Hines-Ike,USA,DF,27,20,20,1682,18.7,0,0,0,0,5,0,0.2,0.2,0.1,27,66,7,0,0,0.01,0,0.01,DC United,4.25,46.7917
Sofiane Djeffal,FRA,MF,22,28,19,1686,18.7,0,1,0,0,3,0,0.5,0.5,0.5,13,83,6,0,0.05,0.03,0.03,0.03,DC United,0.75325,7.5325
Donovan Pines,USA,DF,23,21,16,1447,16.1,0,0,0,0,1,1,0.7,0.6,0.1,7,24,3,0,0,0.04,0.01,0.04,DC United,2,20.2
Julian Gressel,USA,DF,28,17,16,1379,15.3,0,4,0,0,2,0,2.1,2.1,3.2,18,74,98,0,0.26,0.13,0.21000000000000002,0.13,DC United,8.84,93.0406
Russell Canouse,USA,MF,26,18,14,1192,13.2,1,1,0,0,4,0,0.7,0.7,0.7,11,41,26,0.08,0.08,0.05,0.05,0.05,DC United,5.75,57.5
Brad Smith,AUS,DF,27,16,14,1148,12.8,0,1,0,0,2,0,0.6,0.6,1.8,33,46,77,0,0.08,0.05,0.14,0.05,DC United,3.75,41.6875
Jackson Hopkins,USA,"MF,FW",17,21,11,904,10,0,1,0,0,5,0,0.6,0.6,1.5,22,35,66,0,0.1,0.06,0.15000000000000002,0.06,DC United,0.85444,8.573
Martín Rodríguez,CHI,"FW,MF",27,14,10,904,10,0,1,0,0,1,0,0.3,0.3,1.3,28,45,58,0,0.1,0.03,0.13,0.03,DC United,10,126.62
Tony Alfaro,USA,DF,28,18,9,943,10.5,0,1,0,0,1,0,0.1,0.1,0,6,40,2,0,0.1,0.01,0,0.01,DC United,1.2,12
David Ochoa,USA,GK,21,9,9,810,9,0,0,0,0,2,0,0,0,0,0,0,0,0,0,0,0,0,DC United,0.6736,6.936
Miguel Berry,ESP,"FW,MF",24,14,8,712,7.9,0,0,0,0,0,0,1,1,0.8,6,1,24,0,0,0.12000000000000001,0.1,0.12000000000000001,DC United,1.35,13.5
Christian Benteke,BEL,FW,31,7,6,558,6.2,1,0,0,1,2,0,2.7,1.8,0.5,4,9,36,0.16,0,0.43000000000000005,0.09,0.3,DC United,42.5,443.2778
Nigel Robertha,NED,"FW,MF",23,17,5,715,7.9,1,3,0,0,2,0,0.7,0.7,2.3,29,13,82,0.13,0.38,0.09,0.29000000000000004,0.09,DC United,5.5,64.6542
Moses Nyeman,USA,MF,18,2,2,142,1.6,0,0,0,0,0,1,0,0,0,1,3,2,0,0,0.01,0,0.01,DC United,1.15,13.3822
Matai Akinmboni,USA,DF,15,2,2,120,1.3,0,0,0,0,1,0,0,0,0,0,1,0,0,0,0,0,0,DC United,0.6736,7.686
Gaoussou Samaké,CIV,DF,24,3,1,112,1.2,0,0,0,0,1,0,0,0,0.1,0,5,6,0,0,0,0.07,0,DC United,0.85444,8.5444
Kristian Fletcher,USA,FW,16,2,1,62,0.7,1,0,0,0,1,0,0,0,0,1,0,5,1.45,0,0.06,0,0.06,DC United,0.85444,10.4953
Luis Zamudio,USA,GK,23,0,0,NA,NA,NA,NA,NA,NA,NA,NA,NA,NA,NA,NA,NA,NA,NA,NA,NA,NA,NA,DC United,0.85444,8.5444
Steve Clark,USA,GK,35,33,33,2905,32.3,0,0,0,0,2,0,0,0,0,0,0,0,0,0,0,0,0,Houston Dynamo,5.6,61.9281
Adam Lundqvist,SWE,DF,27,31,30,2581,28.7,0,5,0,0,5,1,0.3,0.3,2.1,41,89,91,0,0.17,0.01,0.07,0.01,Houston Dynamo,3.5,39.75
Sebastián Ferreira,PAR,FW,23,31,29,2318,25.8,13,3,2,3,2,0,11,8.6,1.7,25,22,122,0.5,0.12000000000000001,0.43000000000000005,0.06,0.33999999999999997,Houston Dynamo,17.6,213.02
Matías Vera,ARG,MF,26,28,28,2184,24.3,0,0,0,0,8,1,0.5,0.5,0.3,16,102,13,0,0,0.02,0.01,0.02,Houston Dynamo,5.5,62.2813
Adalberto Carrasquilla,PAN,MF,23,32,27,2392,26.6,2,3,0,0,10,1,2.2,2.2,3.9,57,177,43,0.08,0.11,0.08,0.14,0.08,Houston Dynamo,5,55.0224
Fafà Picault,HAI,FW,30,30,26,2357,26.2,7,2,2,2,5,0,7.8,6.2,2.8,75,30,202,0.27,0.08,0.3,0.11,0.24000000000000002,Houston Dynamo,6.5,65
Tim Parker,USA,DF,28,28,26,2252,25,0,0,0,0,5,0,0.9,0.9,0.2,1,68,4,0,0,0.04,0.01,0.04,Houston Dynamo,10,103.75
Teenage Hadebe,ZIM,DF,26,22,20,1810,20.1,2,0,0,0,12,2,1.6,1.6,1.2,15,53,0,0.1,0,0.08,0.06,0.08,Houston Dynamo,11.229,128.8077
Griffin Dorsey,USA,DF,22,27,19,1644,18.3,1,1,0,0,7,0,0.7,0.7,1.3,56,57,78,0.05,0.05,0.04,0.07,0.04,Houston Dynamo,1.5,16.5
Corey Baird,USA,FW,26,23,17,1345,14.9,2,4,0,0,1,0,1.7,1.7,3.3,17,18,78,0.13,0.27,0.12000000000000001,0.22,0.12000000000000001,Houston Dynamo,5.5,58.1031
Daniel Steres,USA,DF,31,18,14,1343,14.9,2,1,0,0,5,0,1.1,1.1,0.2,3,31,4,0.13,0.07,0.07,0.02,0.07,Houston Dynamo,3.55,40.2175
Ethan Bartlow,USA,"DF,MF",21,15,9,906,10.1,0,0,0,0,2,0,0.1,0.1,0.1,5,25,0,0,0,0.01,0.01,0.01,Houston Dynamo,1.25,13.5
Héctor Herrera,MEX,MF,31,10,6,685,7.6,0,1,0,0,3,0,0.5,0.5,0.5,13,78,25,0,0.13,0.07,0.07,0.07,Houston Dynamo,47.5,524.6875
Sam Junqua,USA,DF,25,15,4,513,5.7,0,1,0,0,0,0,0,0,0.5,11,17,29,0,0.18,0.01,0.09,0.01,Houston Dynamo,0.85444,9.3777
Zarek Valentin,PUR,DF,30,5,4,371,4.1,0,0,0,0,0,0,0,0,0,1,11,8,0,0,0,0.01,0,Houston Dynamo,0.85444,8.5444
Michael Nelson,USA,GK,26,2,1,155,1.7,0,0,0,0,0,0,0,0,0,0,0,0,0,0,0,0,0,Houston Dynamo,1.35,14.95
Brooklyn Raines,USA,MF,16,1,0,34,0.4,0,0,0,0,0,0,0,0,0,0,0,0,0,0,0,0,0,Houston Dynamo,0.85444,10.3507
Derrick Jones,USA,MF,24,0,0,NA,NA,NA,NA,NA,NA,NA,NA,NA,NA,NA,NA,NA,NA,NA,NA,NA,NA,NA,Houston Dynamo,3.25,34.7969
Xavier Valdez,DOM,GK,18,0,0,NA,NA,NA,NA,NA,NA,NA,NA,NA,NA,NA,NA,NA,NA,NA,NA,NA,NA,NA,Houston Dynamo,0.85444,9.5155
Brandon Vazquez,USA,FW,23,33,32,2740,30.4,18,8,0,0,1,0,14.9,14.9,4.1,47,36,199,0.59,0.26,0.49,0.13,0.49,FC Cincinnati,9,104.1
Nick Hagglund,USA,DF,29,32,31,2715,30.2,1,1,0,0,7,1,1.6,1.6,1.3,16,101,11,0.03,0.03,0.05,0.04,0.05,FC Cincinnati,1.75,18.8521
Luciano Acosta,ARG,MF,27,30,28,2491,27.7,10,12,3,4,7,1,9.3,6.1,12.3,76,176,220,0.36,0.43000000000000005,0.33999999999999997,0.44,0.22,FC Cincinnati,19.435,222.2854
Roman Celentano,USA,GK,21,27,27,2430,27,0,0,0,0,0,0,0,0,0,0,0,0,0,0,0,0,0,FC Cincinnati,1,14.9
Álvaro Barreal,ARG,"DF,MF",21,32,25,2199,24.4,5,5,0,0,5,0,3,3,4.5,42,85,154,0.2,0.2,0.12000000000000001,0.18,0.12000000000000001,FC Cincinnati,3,51.9297
Alvas Powell,JAM,DF,27,28,24,1930,21.4,0,3,0,0,4,0,1.2,1.2,1.9,54,60,86,0,0.14,0.06,0.09,0.06,FC Cincinnati,1.9,20.7
Obinna Nwobodo,NGA,MF,25,24,23,2064,22.9,0,2,0,0,10,0,0.2,0.2,1.2,34,130,22,0,0.09,0.01,0.05,0.01,FC Cincinnati,11.55,128.94
Ian Murphy,USA,DF,22,26,16,1464,16.3,1,0,0,0,0,0,0.1,0.1,0.7,10,36,0,0.06,0,0.01,0.04,0.01,FC Cincinnati,0.7205,7.43
Yuya Kubo,JPN,MF,28,27,14,1349,15,1,1,0,0,5,0,0.9,0.9,2.1,34,82,42,0.07,0.07,0.06,0.14,0.06,FC Cincinnati,10.91,120.675
John Nelson,USA,DF,23,24,14,1203,13.4,0,1,0,0,1,0,0.2,0.2,0.9,12,30,65,0,0.07,0.02,0.07,0.02,FC Cincinnati,1.6,16.8
Dominique Badji,SEN,FW,29,24,13,1099,12.2,0,2,0,0,3,0,3.3,3.3,1.5,28,18,67,0,0.16,0.27,0.13,0.27,FC Cincinnati,5.5,60.5
Matt Miazga,USA,DF,26,10,10,828,9.2,2,0,0,0,2,0,0.5,0.5,0.9,1,22,2,0.22,0,0.05,0.1,0.05,FC Cincinnati,15,150
Alec Kann,USA,GK,31,7,7,630,7,0,0,0,0,2,0,0,0,0,0,0,0,0,0,0,0,0,FC Cincinnati,2,22.0833
Calvin Harris,ENG,"DF,FW",21,8,2,179,2,1,1,0,0,1,0,1.6,1.6,0.8,2,2,14,0.5,0.5,0.7799999999999999,0.38,0.7799999999999999,FC Cincinnati,1,11.3
Harrison Robledo,USA,"MF,DF",19,2,0,46,0.5,0,0,0,0,0,0,0,0,0.2,1,2,2,0,0,0,0.32,0,FC Cincinnati,0.85444,10.6336
Kenneth Vermeer,NED,GK,36,0,0,NA,NA,NA,NA,NA,NA,NA,NA,NA,NA,NA,NA,NA,NA,NA,NA,NA,NA,NA,FC Cincinnati,3.87334,38.7334
Maarten Paes,NED,GK,23,32,32,2880,32,0,0,0,0,3,0,0,0,0,0,0,0,0,0,0,0,0,FC Dallas,3,33.75
José Martínez,ESP,DF,28,31,31,2620,29.1,0,0,0,0,5,0,0.9,0.9,0.1,14,93,1,0,0,0.03,0,0.03,FC Dallas,5.5,77.25
Paxton Pomykal,USA,MF,22,33,30,2432,27,0,2,0,0,6,0,1.1,1.1,2.1,64,145,86,0,0.07,0.04,0.08,0.04,FC Dallas,8,90.8
Jesús Ferreira,USA,"FW,MF",21,33,29,2658,29.5,18,6,0,0,5,0,11.6,11.6,5,49,90,129,0.61,0.2,0.39,0.17,0.39,FC Dallas,16.5,185.2
Paul Arriola,USA,FW,26,32,29,2562,28.5,10,5,0,0,4,1,6.7,6.7,6.8,59,92,269,0.35,0.18,0.24000000000000002,0.24000000000000002,0.24000000000000002,FC Dallas,15.5,172.94
Matt Hedges,USA,DF,31,28,26,2226,24.7,1,0,0,0,2,0,1.7,1.7,0.6,6,65,4,0.04,0,0.07,0.02,0.07,FC Dallas,7.7625,90.8859
Ema Twumasi,GHA,DF,24,31,24,2109,23.4,0,1,0,0,6,0,0.8,0.8,1,67,71,92,0,0.04,0.03,0.04,0.03,FC Dallas,3.2,33.93
Alan Velasco,ARG,FW,19,26,23,1928,21.4,6,5,0,0,7,0,3.7,3.7,4.7,66,96,124,0.28,0.23,0.17,0.22,0.17,FC Dallas,12,140.1
Edwin Cerrillo,USA,MF,21,32,20,1892,21,0,0,0,0,8,0,0.2,0.2,0.4,14,78,8,0,0,0.01,0.02,0.01,FC Dallas,1.495,16.45
Jáder Obrian,COL,FW,26,31,15,1343,14.9,2,2,0,0,5,0,3.7,3.7,2.7,39,20,118,0.13,0.13,0.25,0.18,0.25,FC Dallas,3.825,46.71
Brandon Servania,USA,MF,22,23,15,1321,14.7,2,3,0,0,7,2,1.5,1.5,1.8,20,71,29,0.14,0.2,0.1,0.12000000000000001,0.1,FC Dallas,4.75,53.0833
Tsiki Ntsabeleng,RSA,MF,23,26,11,840,9.3,1,0,0,0,3,0,2.3,2.3,0.6,21,43,14,0.11,0,0.25,0.06,0.25,FC Dallas,0.85444,8.5444
Sebastian Lletget,USA,MF,29,10,9,815,9.1,1,4,0,0,1,0,0.8,0.8,1.2,9,56,50,0.11,0.44,0.09,0.14,0.09,FC Dallas,7,79.125
Jimmy Maurer,USA,GK,33,2,2,180,2,0,0,0,0,0,0,0,0,0,0,0,0,0,0,0,0,0,FC Dallas,3,31.7938
Bernard Kamungo,USA,FW,20,1,0,21,0.2,0,0,0,0,0,0,0,0,0.3,1,1,2,0,0,0,1.25,0,FC Dallas,0.85444,8.5444
Lucas Bartlett,USA,DF,24,0,0,NA,NA,NA,NA,NA,NA,NA,NA,NA,NA,NA,NA,NA,NA,NA,NA,NA,NA,NA,FC Dallas,0.85444,8.5444
Antonio Carrera,USA,GK,17,0,0,NA,NA,NA,NA,NA,NA,NA,NA,NA,NA,NA,NA,NA,NA,NA,NA,NA,NA,NA,FC Dallas,0.85444,10.4963
Isaiah Parker,USA,FW,19,0,0,NA,NA,NA,NA,NA,NA,NA,NA,NA,NA,NA,NA,NA,NA,NA,NA,NA,NA,NA,FC Dallas,0.6736,7.736
Christopher McVey,SWE,DF,24,34,34,3039,33.8,1,1,0,0,4,0,1.4,1.4,0.9,48,87,41,0.03,0.03,0.04,0.03,0.04,Inter Miami,2.19996,24.4296
DeAndre Yedlin,USA,DF,28,34,33,2986,33.2,0,3,0,0,6,0,0.2,0.2,2.2,58,113,186,0,0.09,0.01,0.07,0.01,Inter Miami,8.25,87.375
Damion Lowe,JAM,DF,28,28,28,2383,26.5,1,1,0,0,10,1,1.3,1.3,1,9,52,6,0.04,0.04,0.05,0.04,0.05,Inter Miami,2.75,31.8333
Robert Taylor,FIN,"MF,FW",27,33,26,2222,24.7,3,2,0,0,2,0,3.7,3.7,3.1,76,93,152,0.12000000000000001,0.08,0.15000000000000002,0.12000000000000001,0.15000000000000002,Inter Miami,2.76,30.29
Drake Callender,USA,GK,24,24,24,2160,24,0,0,0,0,1,0,0,0,0,0,0,0,0,0,0,0,0,Inter Miami,3,35.5917
Leonardo Campana,ECU,FW,21,26,21,1585,17.6,11,1,0,0,2,0,8.4,8.4,1.9,17,32,85,0.62,0.06,0.47000000000000003,0.11,0.47000000000000003,Inter Miami,5.49996,67.2329
Ariel Lassiter,CRC,"FW,MF",27,30,17,1640,18.2,4,4,0,0,2,0,4.9,4.9,4,73,36,129,0.22,0.22,0.27,0.22,0.27,Inter Miami,2.2,24.028
Bryce Duke,USA,"MF,FW",20,28,16,1478,16.4,1,4,0,0,5,0,2.3,2.3,1.8,25,83,58,0.06,0.24000000000000002,0.14,0.11,0.14,Inter Miami,1.5,23.1875
Ryan Sailor,USA,DF,23,22,14,1521,16.9,0,0,0,0,1,0,0.9,0.9,0,0,17,1,0,0,0.05,0,0.05,Inter Miami,0.85444,8.5444
Indiana Vassilev,USA,"FW,MF",20,24,13,1059,11.8,2,0,0,0,3,0,1.9,1.9,0.6,42,41,83,0.17,0,0.16,0.05,0.16,Inter Miami,2.5,28.125
Aimé Mabika,ZAM,DF,23,15,13,1022,11.4,0,1,0,0,1,0,0,0,0.4,1,10,0,0,0.09,0,0.03,0,Inter Miami,0.85444,9.3569
Nick Marsman,NED,GK,31,7,7,630,7,0,0,0,0,2,0,0,0,0,0,0,0,0,0,0,0,0,Inter Miami,4.74996,58.7184
Robbie Robinson,USA,"FW,MF",23,8,6,485,5.4,1,1,0,0,0,0,0.6,0.6,0.8,25,17,33,0.19,0.19,0.12000000000000001,0.16,0.12000000000000001,Inter Miami,2,23.1
Noah Allen,USA,"DF,MF",17,8,3,324,3.6,0,0,0,0,0,0,0.1,0.1,0,5,8,24,0,0,0.04,0,0.04,Inter Miami,0.6736,6.736
Clément Diop,SEN,GK,28,3,3,270,3,0,0,0,0,0,0,0,0,0,0,0,0,0,0,0,0,0,Inter Miami,0.85444,8.5444
Emerson Rodríguez,COL,"FW,MF",21,22,1,528,5.9,2,0,0,0,2,0,1.5,1.5,0.8,28,11,61,0.33999999999999997,0,0.26,0.13,0.26,Inter Miami,3.3,36.57
Corentin Jean,FRA,"FW,MF",26,3,0,76,0.8,0,1,0,0,0,0,0.2,0.2,0.1,1,5,5,0,1.1800000000000002,0.28,0.11,0.28,Inter Miami,7.2,78.84
Edison Azcona,DOM,MF,18,1,0,18,0.2,0,0,0,0,1,0,0,0,0.1,1,0,2,0,0,0,0.74,0,Inter Miami,0.85444,8.5444
Harvey Neville,IRL,DF,19,1,0,12,0.1,0,0,0,0,0,0,0,0,0,0,0,1,0,0,0,0,0,Inter Miami,0.6736,6.736
Jonathan Bond,ENG,GK,28,34,34,3060,34,0,0,0,0,2,0,0,0,0,0,0,0,0,0,0,0,0,LA Galaxy,4.75,52.5833
Raheem Edwards,CAN,DF,26,30,27,2275,25.3,1,3,0,0,5,0,1.3,1.3,2.3,81,111,118,0.04,0.12000000000000001,0.05,0.09,0.05,LA Galaxy,3.15,34.75
Derrick Williams,IRL,DF,29,26,24,2154,23.9,0,1,0,0,7,0,1.6,1.6,1.4,24,79,7,0,0.04,0.07,0.06,0.07,LA Galaxy,8,87.1458
Séga Coulibaly,FRA,DF,25,27,24,2148,23.9,1,0,0,0,8,0,1.6,1.5,0.1,8,63,4,0.04,0,0.07,0,0.06,LA Galaxy,4.8,51.7
Douglas Costa,BRA,"MF,FW",31,27,16,1408,15.6,4,1,1,1,3,2,3,2.2,3.7,83,118,136,0.26,0.06,0.19,0.24000000000000002,0.14,LA Galaxy,30,450.8333
Víctor Vázquez,ESP,"MF,FW",35,26,15,1159,12.9,2,3,0,0,4,0,1.2,1.2,3.2,22,119,79,0.16,0.23,0.09,0.25,0.09,LA Galaxy,2.68,30.15
Nick DePuy,USA,DF,27,18,14,1292,14.4,0,0,0,0,6,0,0.8,0.7,0.2,0,26,2,0,0,0.05,0.01,0.05,LA Galaxy,2.52,25.2
Gastón Brugman,URU,MF,29,14,14,1121,12.5,3,1,0,0,3,0,0.9,0.9,1.6,25,103,22,0.24000000000000002,0.08,0.07,0.13,0.07,LA Galaxy,12,140.9
Riqui Puig,ESP,MF,22,10,9,826,9.2,3,2,1,2,1,0,3,1.4,1.4,34,103,32,0.32999999999999996,0.22,0.32999999999999996,0.15000000000000002,0.15000000000000002,LA Galaxy,16.5,173.25
Chase Gasper,USA,DF,26,17,8,840,9.3,0,0,0,0,5,0,0.1,0.1,0.1,17,51,57,0,0,0.01,0.01,0.01,LA Galaxy,4,42.5
Kelvin Leerdam,SUR,"DF,MF",31,10,5,479,5.3,0,0,0,0,1,0,0.2,0.2,0,4,23,11,0,0,0.04,0.01,0.04,LA Galaxy,3,33.5
Martín Cáceres,URU,DF,34,6,5,429,4.8,0,1,0,0,1,0,0.1,0.1,0,1,7,1,0,0.21000000000000002,0.02,0.01,0.02,LA Galaxy,5.00004,55.6671
Daniel Aguirre,USA,"MF,DF",22,11,3,374,4.2,1,1,0,0,0,0,0.3,0.3,0.7,10,27,15,0.24000000000000002,0.24000000000000002,0.07,0.17,0.07,LA Galaxy,0.85444,8.5444
Eriq Zavaleta,SLV,"DF,MF",29,4,3,205,2.3,0,0,0,0,1,0,0,0,0,0,3,0,0,0,0.02,0.02,0.02,LA Galaxy,0.85444,8.5444
Adam Saldaña,USA,MF,19,1,0,10,0.1,0,0,0,0,0,0,0,0,0,1,1,0,0,0,0,0,0,LA Galaxy,0.93989,9.3989
Cameron Dunbar,USA,MF,19,0,0,NA,NA,NA,NA,NA,NA,NA,NA,NA,NA,NA,NA,NA,NA,NA,NA,NA,NA,NA,LA Galaxy,1.65,18.175
Preston Judd,USA,FW,22,0,0,NA,NA,NA,NA,NA,NA,NA,NA,NA,NA,NA,NA,NA,NA,NA,NA,NA,NA,NA,LA Galaxy,0.6736,6.736
Jonathan Klinsmann,USA,GK,24,0,0,NA,NA,NA,NA,NA,NA,NA,NA,NA,NA,NA,NA,NA,NA,NA,NA,NA,NA,NA,LA Galaxy,2.00004,20.0004
Jalen Neal,USA,DF,18,0,0,NA,NA,NA,NA,NA,NA,NA,NA,NA,NA,NA,NA,NA,NA,NA,NA,NA,NA,NA,LA Galaxy,1.25,13.8625
Maxime Crépeau,CAN,GK,27,33,33,2970,33,0,0,0,0,3,0,0,0,0,0,0,0,0,0,0,0,0,Los Angeles FC,3.5,37.75
Ilie Sánchez,ESP,MF,31,33,30,2677,29.7,1,0,0,0,7,1,1,1,2,16,199,28,0.03,0,0.03,0.07,0.03,Los Angeles FC,12.075,120.75
Kellyn Acosta,USA,"MF,DF",26,32,28,2549,28.3,2,4,0,0,8,0,2,2,4.4,34,164,84,0.07,0.14,0.07,0.16,0.07,Los Angeles FC,12.5,136.5
Cristian Arango,COL,FW,26,34,28,2341,26,16,4,1,2,5,0,16.3,14.7,4,60,62,180,0.62,0.15000000000000002,0.63,0.15000000000000002,0.5700000000000001,Los Angeles FC,18.99996,208.8746
Carlos Vela,MEX,"FW,MF",32,32,28,2319,25.8,12,9,4,5,2,0,9.4,5.4,8.8,63,177,245,0.47000000000000003,0.35,0.36,0.33999999999999997,0.21000000000000002,Los Angeles FC,30,438.39
Diego Palacios,ECU,DF,22,28,27,2407,26.7,1,4,0,0,8,0,0.7,0.7,3.7,57,143,165,0.04,0.15000000000000002,0.02,0.14,0.02,Los Angeles FC,5.4,56.4
Ryan Hollingshead,USA,DF,30,30,22,1930,21.4,6,1,0,0,3,1,2.8,2.8,1.1,48,73,95,0.28,0.05,0.13,0.05,0.13,Los Angeles FC,5.15,51.5
Kwadwo Opoku,GHA,"FW,MF",20,34,20,1770,19.7,7,2,0,0,0,0,7.4,7.4,4,61,38,179,0.36,0.1,0.37,0.2,0.37,Los Angeles FC,3.10344,51.21
Latif Blessing,GHA,"MF,FW",25,30,16,1334,14.8,0,1,0,0,1,0,1.8,1.8,1.5,25,80,62,0,0.07,0.12000000000000001,0.1,0.12000000000000001,Los Angeles FC,6,66.5
Mamadou Fall,SEN,DF,19,16,13,1200,13.3,1,1,0,0,6,0,1.9,1.9,1.1,12,66,4,0.07,0.07,0.14,0.08,0.14,Los Angeles FC,1.49,16.175
Franco Escobar,ARG,DF,26,19,13,1156,12.8,1,1,0,0,3,0,0.5,0.5,0.9,11,49,59,0.08,0.08,0.04,0.07,0.04,Los Angeles FC,4.75,52.4167
Sebastien Ibeagha,USA,DF,30,17,12,1187,13.2,0,0,0,0,4,0,0.3,0.3,0,2,27,1,0,0,0.02,0,0.02,Los Angeles FC,5.2,58.3625
Giorgio Chiellini,ITA,DF,37,11,9,713,7.9,0,1,0,0,1,0,0.1,0.1,0.5,9,51,2,0,0.13,0.02,0.06,0.02,Los Angeles FC,10,107.5
Eddie Segura,COL,DF,24,14,8,828,9.2,0,0,0,0,2,0,0.2,0.2,0.1,4,38,5,0,0,0.02,0.01,0.02,Los Angeles FC,4.5,45
Denis Bouanga,GAB,FW,27,7,6,496,5.5,1,0,0,0,0,0,3.3,3.3,1.2,21,13,54,0.18,0,0.6,0.22,0.6,Los Angeles FC,20.83333,247.2222
Francisco Ginella,URU,MF,23,15,5,445,4.9,0,0,0,0,1,0,0.2,0.2,0.2,6,31,10,0,0,0.04,0.05,0.04,Los Angeles FC,4.75,51.6667
John McCarthy,USA,GK,29,1,1,90,1,0,0,0,0,0,0,0,0,0,0,0,0,0,0,0,0,0,Los Angeles FC,1.15,12.1667
Ismael Tajouri-Shradi,LBY,"FW,MF",27,6,0,167,1.9,2,0,0,0,0,0,0.6,0.6,0.3,5,7,20,1.08,0,0.3,0.18,0.3,Los Angeles FC,0.85444,9.8777
Dayne St. Clair,CAN,GK,24,32,32,2835,31.5,0,1,0,0,1,0,0,0,0.2,0,0,0,0,0.03,0,0.01,0,Minnesota United,4.1,43.1875
Michael Boxall,NZL,DF,33,31,31,2790,31,0,0,0,0,9,0,1.3,1.3,0.5,14,78,1,0,0,0.04,0.02,0.04,Minnesota United,6.5,70.3097
Emanuel Reynoso,ARG,"MF,FW",26,29,29,2517,28,10,6,3,4,10,0,7.8,4.5,8.1,117,261,212,0.36,0.21000000000000002,0.28,0.29000000000000004,0.16,Minnesota United,16,215.12
Robin Lod,FIN,"FW,MF",28,30,29,2492,27.7,6,2,0,0,7,0,7.2,7.2,3,29,141,133,0.22,0.07,0.26,0.11,0.26,Minnesota United,9,103.9375
Bakaye Dibassy,MLI,DF,32,26,26,2256,25.1,1,0,0,0,4,0,0.9,0.9,0.2,21,61,11,0.04,0,0.04,0.01,0.04,Minnesota United,6,66.125
Franco Fragapane,ARG,FW,28,30,26,2019,22.4,7,2,0,0,7,1,6.1,6.1,3.8,59,97,163,0.31,0.09,0.27,0.17,0.27,Minnesota United,2.6,26.75
Wil Trapp,USA,MF,29,27,25,2127,23.6,0,0,0,0,11,0,0.3,0.3,0.5,12,130,25,0,0,0.01,0.02,0.01,Minnesota United,8.5,85
D.J. Taylor,USA,DF,24,26,23,2087,23.2,1,2,0,0,3,0,0.7,0.7,1.9,31,114,127,0.04,0.09,0.03,0.08,0.03,Minnesota United,0.98261,9.8261
Kervin Arriaga,HON,MF,24,24,22,1892,21,1,0,0,0,8,0,1.2,1.2,0.4,20,157,17,0.05,0,0.06,0.02,0.06,Minnesota United,1.7,18.9667
Bongokuhle Hlongwane,RSA,FW,21,29,18,1598,17.8,2,4,0,0,0,0,5,5,3.8,63,41,180,0.11,0.23,0.28,0.22,0.28,Minnesota United,5.6,61
Brent Kallman,USA,DF,31,20,15,1395,15.5,2,0,0,0,1,0,1,1,0.6,5,41,0,0.13,0,0.06,0.04,0.06,Minnesota United,1.6,16.8
Joseph Rosales,HON,MF,21,24,8,1052,11.7,0,2,0,0,6,1,0.6,0.6,1,25,55,27,0,0.17,0.05,0.09,0.05,Minnesota United,0.85444,8.5444
Hassani Dotson,USA,"DF,MF",24,7,7,630,7,1,2,0,0,1,0,1,1,0.6,10,28,11,0.14,0.29000000000000004,0.15000000000000002,0.08,0.15000000000000002,Minnesota United,4.5,50.75
Mender García,COL,FW,23,9,6,532,5.9,1,0,0,0,0,0,1.5,1.5,0.3,9,14,49,0.17,0,0.25,0.04,0.25,Minnesota United,3.5,37.2313
Tyler Miller,USA,GK,28,3,2,225,2.5,0,0,0,0,0,0,0,0,0,0,0,0,0,0,0,0,0,Minnesota United,4,42.5
Eric Dick,USA,GK,27,0,0,NA,NA,NA,NA,NA,NA,NA,NA,NA,NA,NA,NA,NA,NA,NA,NA,NA,NA,NA,Minnesota United,0.85444,8.5444
Fred Emmings,USA,GK,17,0,0,NA,NA,NA,NA,NA,NA,NA,NA,NA,NA,NA,NA,NA,NA,NA,NA,NA,NA,NA,Minnesota United,0.85444,9.1444
Chase Gasper,USA,DF,26,0,0,NA,NA,NA,NA,NA,NA,NA,NA,NA,NA,NA,NA,NA,NA,NA,NA,NA,NA,NA,Minnesota United,4,42.5
Joe Willis,USA,GK,33,32,32,2880,32,0,1,0,0,0,0,0,0,0.1,0,1,0,0,0.03,0,0,0,Nashville SC,3.75,39.125
Sean Davis,USA,MF,28,34,32,2835,31.5,1,1,0,0,4,0,0.9,0.9,0.6,20,122,39,0.03,0.03,0.03,0.02,0.03,Nashville SC,8.25,93.9
Hany Mukhtar,GER,"FW,MF",26,33,32,2825,31.4,23,7,6,7,4,0,20.4,14.9,8,103,138,261,0.73,0.22,0.65,0.26,0.48000000000000004,Nashville SC,29,318.875
C.J. Sapong,USA,FW,33,33,30,2464,27.4,5,5,0,0,5,0,8.1,8.1,3.4,27,54,135,0.18,0.18,0.3,0.12000000000000001,0.3,Nashville SC,6,61.6667
Daniel Lovitz,USA,DF,30,31,29,2618,29.1,1,4,0,0,6,0,0.9,0.9,2.6,57,149,104,0.03,0.14,0.03,0.09,0.03,Nashville SC,5.5125,56.875
Walker Zimmerman,USA,DF,28,30,28,2521,28,4,1,0,0,7,1,3.8,3.8,2.7,3,82,15,0.14,0.04,0.14,0.1,0.14,Nashville SC,18,205.6979
Randall Leal,CRC,MF,25,28,26,2128,23.6,2,5,1,1,7,0,3.6,2.8,5.4,72,132,147,0.08,0.21000000000000002,0.15000000000000002,0.23,0.12000000000000001,Nashville SC,10,111.5
Alex Muyl,USA,"DF,MF",26,29,22,2019,22.4,2,2,0,0,8,0,2.9,2.9,2.4,44,68,127,0.09,0.09,0.13,0.11,0.13,Nashville SC,5,50
Dax McCarty,USA,MF,34,29,21,1770,19.7,0,1,0,1,4,1,1.8,1,2.6,10,116,23,0,0.05,0.09,0.13,0.05,Nashville SC,2.75,30.25
Jack Maher,USA,DF,22,27,19,1855,20.6,2,0,0,0,2,0,0.7,0.7,0.2,3,53,1,0.1,0,0.03,0.01,0.03,Nashville SC,2.60004,35.5471
Eric Miller,USA,DF,29,24,14,1345,14.9,0,0,0,0,3,0,0.2,0.2,0.8,11,46,34,0,0,0.01,0.05,0.01,Nashville SC,1.2,13.5
Aníbal Godoy,PAN,MF,31,19,11,945,10.5,1,2,0,0,5,0,0.8,0.8,0.4,11,43,22,0.1,0.19,0.07,0.04,0.07,Nashville SC,7.5,82.125
Jacob Shaffelburg,CAN,"MF,FW",22,8,7,506,5.6,2,0,0,0,0,0,1.3,1.3,0.6,25,15,38,0.36,0,0.23,0.1,0.23,Nashville SC,1.5,19.5
Teal Bunbury,USA,"FW,MF",31,17,6,654,7.3,5,0,0,0,2,0,3.9,3.9,0.7,4,6,48,0.69,0,0.53,0.1,0.53,Nashville SC,4.25,46.9167
Taylor Washington,USA,"DF,MF",28,14,6,601,6.7,0,1,0,0,3,0,0.1,0.1,1,22,22,35,0,0.15000000000000002,0.01,0.16,0.01,Nashville SC,0.98688,11.2269
Luke Haakenson,USA,"MF,FW",24,25,5,597,6.6,0,3,0,0,3,0,1,1,1.4,20,13,37,0,0.45,0.15000000000000002,0.22,0.15000000000000002,Nashville SC,0.882,8.82
Ethan Zubak,USA,FW,23,11,2,211,2.3,0,1,0,0,2,0,0.6,0.6,0.4,3,6,27,0,0.43000000000000005,0.24000000000000002,0.19,0.24000000000000002,Nashville SC,1.95,20.9
Elliot Panicco,USA,GK,25,2,2,180,2,0,0,0,0,0,0,0,0,0,0,0,0,0,0,0,0,0,Nashville SC,0.89716,8.9716
Josh Bauer,USA,DF,23,0,0,NA,NA,NA,NA,NA,NA,NA,NA,NA,NA,NA,NA,NA,NA,NA,NA,NA,NA,NA,Nashville SC,0.89716,8.9716
Ahmed Longmire,USA,DF,22,0,0,NA,NA,NA,NA,NA,NA,NA,NA,NA,NA,NA,NA,NA,NA,NA,NA,NA,NA,NA,Nashville SC,0.6736,6.736
Carles Gil,ESP,MF,29,33,32,2911,32.3,7,9,4,4,3,0,8.7,5.5,10.8,172,390,201,0.22,0.28,0.27,0.32999999999999996,0.17,New England Revolution,32.5,354.5833
Andrew Farrell,USA,DF,29,32,32,2778,30.9,0,0,0,0,5,1,0.4,0.4,0.1,10,132,3,0,0,0.01,0,0.01,New England Revolution,6.5125,65.125
DeJuan Jones,USA,DF,24,31,31,2737,30.4,1,5,0,0,4,0,1.3,1.3,4.2,95,144,243,0.03,0.16,0.04,0.14,0.04,New England Revolution,3.75,39.5
Brandon Bye,USA,DF,26,29,29,2565,28.5,2,7,0,0,3,0,3,3,5.1,61,88,232,0.07,0.25,0.11,0.18,0.11,New England Revolution,3.5,36.8813
Matt Polster,USA,MF,28,28,24,2116,23.5,2,0,0,0,6,0,1.6,1.6,0.6,25,135,40,0.09,0,0.07,0.02,0.07,New England Revolution,5,54.1667
Henry Kessler,USA,DF,23,22,21,1845,20.5,1,0,0,0,5,0,1.1,1.1,0,4,48,2,0.05,0,0.06,0,0.06,New England Revolution,2,21.75
Sebastian Lletget,USA,"FW,MF",29,19,18,1447,16.1,2,4,0,0,1,0,2.7,2.7,1.4,30,104,87,0.12000000000000001,0.25,0.17,0.09,0.17,New England Revolution,7,79.125
Gustavo Bou,ARG,FW,31,19,17,1600,17.8,8,2,1,1,4,0,7.5,6.7,1.7,33,54,143,0.45,0.11,0.42000000000000004,0.1,0.38,New England Revolution,25,267.5
Justin Rennicks,USA,FW,22,17,11,780,8.7,2,0,0,0,0,0,1.7,1.7,0.3,10,3,48,0.23,0,0.2,0.03,0.2,New England Revolution,1.25,13.3
Jon Bell,JAM,DF,24,15,10,1053,11.7,1,0,0,0,0,0,0.4,0.4,0.1,5,36,12,0.09,0,0.04,0.01,0.04,New England Revolution,0.882,8.82
Emmanuel Boateng,GHA,"FW,MF",28,27,8,1002,11.1,2,2,0,0,1,0,1.7,1.7,2.6,35,38,119,0.18,0.18,0.15000000000000002,0.23,0.15000000000000002,New England Revolution,0.85444,9.5784
Dylan Borrero,COL,FW,20,12,7,602,6.7,3,1,0,0,1,0,1.7,1.7,0.9,27,19,62,0.45,0.15000000000000002,0.25,0.14,0.25,New England Revolution,5.75,63.8962
Jozy Altidore,USA,"FW,MF",32,17,4,597,6.6,1,0,0,0,1,0,1.7,1.7,0.3,4,17,34,0.15000000000000002,0,0.25,0.04,0.25,New England Revolution,23.81139,293.9963
Earl Edwards Jr.,USA,GK,30,4,4,360,4,0,0,0,0,0,0,0,0,0,0,0,0,0,0,0,0,0,New England Revolution,1.25,12.5
Christian Makoun,VEN,"MF,DF",21,8,3,379,4.2,0,0,0,0,2,0,0.3,0.3,0,0,17,7,0,0,0.06,0,0.06,New England Revolution,2.25,22.5
Noel Buck,ENG,"MF,FW",16,7,3,292,3.2,1,0,0,0,1,0,0.5,0.5,0.8,5,11,14,0.31,0,0.14,0.25,0.14,New England Revolution,0.6736,6.736
Ryan Spaulding,USA,DF,23,7,3,263,2.9,0,0,0,0,0,0,0.1,0.1,0,8,11,21,0,0,0.03,0,0.03,New England Revolution,0.85444,8.5444
Giacomo Vrioni,ALB,FW,23,7,2,251,2.8,1,0,1,1,1,0,2.2,1.8,0,4,4,12,0.36,0,0.8,0,0.63,New England Revolution,16,184.75
Nacho Gil,ESP,"FW,MF",26,4,2,201,2.2,0,0,0,0,1,0,0.1,0.1,1.5,9,10,9,0,0,0.04,0.6799999999999999,0.04,New England Revolution,3.75,39.625
Esmir Bajraktarevic,USA,"MF,FW",16,3,1,122,1.4,0,0,0,0,0,0,0,0,0,4,2,10,0,0,0,0.02,0,New England Revolution,0.85444,9.1367
Ben Reveno,USA,FW,22,1,0,1,0,0,0,0,0,0,0,0,0,0,0,0,0,0,0,0,0,0,New England Revolution,0.68775,6.8775
Clément Diop,SEN,GK,28,0,0,NA,NA,NA,NA,NA,NA,NA,NA,NA,NA,NA,NA,NA,NA,NA,NA,NA,NA,NA,New England Revolution,0.85444,8.5444
Jacob Jackson,USA,GK,21,0,0,NA,NA,NA,NA,NA,NA,NA,NA,NA,NA,NA,NA,NA,NA,NA,NA,NA,NA,NA,New England Revolution,0.68775,6.8775
Carlos Coronel,PAR,GK,25,33,33,2970,33,0,0,0,0,2,0,0,0,0,0,0,0,0,0,0,0,0,New York Red Bulls,4.9,53.9649
Sean Nealis,USA,DF,25,33,33,2952,32.8,0,0,0,0,6,1,1.8,1.8,0.7,8,63,9,0,0,0.06,0.02,0.06,New York Red Bulls,4,47.625
John Tolkin,USA,"DF,MF",19,31,31,2744,30.5,1,3,0,0,7,0,1.6,1.6,2.5,48,81,130,0.03,0.1,0.05,0.08,0.05,New York Red Bulls,4,43.55
Lewis Morgan,SCO,"FW,MF",25,32,31,2659,29.5,14,3,6,6,2,0,10.3,5.6,4.4,94,96,187,0.47000000000000003,0.1,0.35,0.15000000000000002,0.19,New York Red Bulls,12,137.5
Aaron Long,USA,DF,29,29,28,2366,26.3,4,0,0,0,5,0,2.6,2.6,0.4,6,82,16,0.15000000000000002,0,0.1,0.01,0.1,New York Red Bulls,11.99772,124.3056
Frankie Amaya,USA,MF,21,24,23,1976,22,1,3,0,0,5,1,0.5,0.5,1.4,24,132,15,0.05,0.14,0.02,0.07,0.02,New York Red Bulls,3.5,40.6406
Omir Fernandez,USA,"MF,FW",22,27,21,1441,16,2,3,0,0,1,0,2.1,2.1,2.7,33,42,106,0.12000000000000001,0.19,0.13,0.17,0.13,New York Red Bulls,1.61,17.3
Dylan Nealis,USA,DF,23,28,20,1800,20,0,2,0,0,8,1,0.8,0.8,0.7,29,75,58,0,0.1,0.04,0.04,0.04,New York Red Bulls,2.25,24.625
Dru Yearwood,ENG,MF,21,25,18,1546,17.2,2,1,0,0,6,1,1.1,1.1,0.9,28,98,15,0.12000000000000001,0.06,0.07,0.05,0.07,New York Red Bulls,5.25,59.375
Daniel Edelman,USA,MF,18,16,10,993,11,1,0,0,0,4,0,0.5,0.5,0.2,3,52,7,0.09,0,0.05,0.02,0.05,New York Red Bulls,0.85444,9.3026
Tom Barlow,USA,FW,26,33,8,1097,12.2,4,0,1,1,2,0,4.7,3.9,0.4,11,19,77,0.32999999999999996,0,0.39,0.03,0.32,New York Red Bulls,1.95,20.6625
Andrés Reyes,COL,DF,22,12,8,695,7.7,0,0,0,0,0,0,0.3,0.3,0.4,3,31,5,0,0,0.04,0.05,0.04,New York Red Bulls,4.5,49.4375
Cameron Harper,USA,"DF,FW",20,17,6,765,8.5,2,2,0,0,5,0,1.1,1.1,1.2,24,24,67,0.24000000000000002,0.24000000000000002,0.13,0.14,0.13,New York Red Bulls,2.5,30.125
Kyle Duncan,USA,"DF,MF",24,9,6,593,6.6,0,0,0,0,4,1,0.1,0.1,0.4,17,28,41,0,0,0.02,0.07,0.02,New York Red Bulls,5,55.575
Serge Ngoma,USA,"FW,MF",16,7,1,116,1.3,2,0,0,0,0,0,0.4,0.4,0,3,5,4,1.55,0,0.28,0.03,0.28,New York Red Bulls,0.6736,8.7312
Ryan Meara,USA,GK,31,1,1,90,1,0,0,0,0,0,0,0,0,0,0,0,0,0,0,0,0,0,New York Red Bulls,2.8,28
Hassan Ndam,CMR,DF,23,2,1,46,0.5,0,0,0,0,0,0,0,0,0,0,0,0,0,0,0,0,0,New York Red Bulls,0.882,8.82
Wikelman Carmona,VEN,"MF,FW",18,2,0,43,0.5,0,0,0,0,0,0,0,0,0,0,0,3,0,0,0,0,0,New York Red Bulls,0.85444,8.8194
Steven Sserwadda,UGA,MF,19,2,0,29,0.3,0,0,0,0,0,0,0,0,0,0,2,4,0,0,0.08,0,0.08,New York Red Bulls,0.68775,6.8775
AJ Marcucci,USA,GK,22,0,0,NA,NA,NA,NA,NA,NA,NA,NA,NA,NA,NA,NA,NA,NA,NA,NA,NA,NA,NA,New York Red Bulls,0.85444,8.5444
Sean Johnson,USA,GK,32,34,34,3060,34,0,0,0,0,2,0,0,0,0,0,0,0,0,0,0,0,0,New York City FC,4.05751,68.3013
Santiago Rodríguez,URU,"MF,FW",22,32,29,2461,27.3,4,10,0,0,12,0,7,7,8.3,104,174,178,0.15000000000000002,0.37,0.25,0.3,0.25,New York City FC,12,133.1333
Nicolás Acevedo,URU,"MF,DF",22,31,27,2264,25.2,0,0,0,0,8,0,0.7,0.7,0.6,29,142,51,0,0,0.03,0.02,0.03,New York City FC,2.3,27.48
Thiago Martins,BRA,DF,26,26,25,2152,23.9,0,1,0,0,3,1,0.5,0.5,0.1,10,63,1,0,0.04,0.02,0,0.02,New York City FC,16.5,211.2
Malte Amundsen,DEN,DF,23,27,23,2094,23.3,0,1,0,0,4,0,0.7,0.7,2.8,44,81,142,0,0.04,0.03,0.12000000000000001,0.03,New York City FC,3,33.87
Tayvon Gray,USA,DF,19,27,22,1879,20.9,0,1,0,0,1,0,0.6,0.6,1.3,38,60,67,0,0.05,0.03,0.06,0.03,New York City FC,3,35
Alfredo Morales,USA,"MF,DF",31,24,21,1880,20.9,0,2,0,0,9,1,0.9,0.8,0.8,8,102,9,0,0.1,0.04,0.04,0.04,New York City FC,6,66.225
Keaton Parks,USA,MF,24,18,12,1025,11.4,2,0,0,0,2,0,2,2,1.1,22,83,30,0.18,0,0.17,0.09,0.17,New York City FC,5.5,55
Justin Haak,USA,"MF,DF",20,15,7,764,8.5,0,0,0,0,3,0,0,0,0.4,6,27,5,0,0,0,0.05,0,New York City FC,1.5,16.5
Chris Gloster,USA,DF,21,11,6,481,5.3,1,1,0,0,0,0,0.2,0.2,1,12,16,47,0.19,0.19,0.05,0.19,0.05,New York City FC,2.5,26
Andres Jasson,USA,"DF,MF",20,15,4,467,5.2,0,1,0,0,2,0,0.7,0.7,1.1,10,13,36,0,0.19,0.14,0.2,0.14,New York City FC,1.25,14.2144
Kevin O'Toole,USA,"FW,MF",23,3,3,270,3,0,0,0,0,0,0,0.2,0.2,0.1,4,7,22,0,0,0.05,0.02,0.05,New York City FC,0.85444,8.5444
Matías Pellegrini,ARG,"DF,FW",21,4,0,63,0.7,0,0,0,0,0,0,0.1,0.1,0.1,6,6,22,0,0,0.13,0.08,0.13,New York City FC,10.25,112.0833
Luis Barraza,USA,GK,25,0,0,NA,NA,NA,NA,NA,NA,NA,NA,NA,NA,NA,NA,NA,NA,NA,NA,NA,NA,NA,New York City FC,1.45,15.2688
Cody Mizell,USA,GK,30,0,0,NA,NA,NA,NA,NA,NA,NA,NA,NA,NA,NA,NA,NA,NA,NA,NA,NA,NA,NA,New York City FC,0.85444,8.5444
Stephen Turnbull,USA,DF,23,0,0,NA,NA,NA,NA,NA,NA,NA,NA,NA,NA,NA,NA,NA,NA,NA,NA,NA,NA,NA,New York City FC,0.85444,8.5444
Pedro Gallese,PER,GK,31,32,32,2880,32,0,0,0,0,3,0,0,0,0,0,0,0,0,0,0,0,0,Orlando City,7.2,100.9333
Mauricio Pereyra,URU,MF,31,32,31,2531,28.1,1,8,0,1,5,0,2.9,2.1,5.8,32,260,116,0.04,0.28,0.1,0.21000000000000002,0.07,Orlando City,6.75,67.5
Facundo Torres,URU,"FW,MF",21,33,29,2585,28.7,9,8,1,1,1,0,4.7,4,5.4,82,183,241,0.31,0.28,0.16,0.19,0.14,Orlando City,6.4,99.32
Rodrigo Schlegel,ARG,DF,24,29,23,2168,24.1,1,0,0,0,8,1,1,1,0.3,22,75,3,0.04,0,0.04,0.01,0.04,Orlando City,3,34.925
Robin Jansson,SWE,DF,30,22,22,1970,21.9,1,1,0,0,11,1,1,1,0.3,21,77,4,0.05,0.05,0.05,0.01,0.05,Orlando City,5.75,63.125
Kyle Smith,USA,DF,30,29,14,1388,15.4,2,0,0,0,5,0,0.7,0.7,0.6,14,57,56,0.13,0,0.04,0.04,0.04,Orlando City,2.5,26.59
Andrés Perea,USA,"MF,FW",21,24,7,813,9,1,0,0,0,1,0,0.7,0.7,0.3,14,38,33,0.11,0,0.07,0.03,0.07,Orlando City,5.25,59.15
Iván Angulo,COL,FW,22,9,5,548,6.1,0,2,0,0,1,0,0.9,0.8,0.8,15,12,33,0,0.32999999999999996,0.15000000000000002,0.13,0.13,Orlando City,3.48,38.066
Wilder Cartagena,PER,MF,27,8,4,331,3.7,0,0,0,0,2,0,0.2,0.2,0.1,2,13,1,0,0,0.05,0.03,0.05,Orlando City,3.48,38.825
Thomas Williams,USA,DF,17,4,2,181,2,0,0,0,0,1,0,0,0,0,1,2,0,0,0,0,0,0,Orlando City,0.85444,9.1974
Mason Stajduhar,USA,GK,24,2,2,180,2,0,0,0,0,0,0,0,0,0,0,0,0,0,0,0,0,0,Orlando City,1.3,14.565
Nicholas Gioacchini,USA,"FW,MF",21,6,2,138,1.5,0,0,0,0,0,0,0.3,0.3,0.1,1,2,15,0,0,0.17,0.05,0.17,Orlando City,3.80004,39.9287
Michael Halliday,USA,"DF,MF",19,6,0,50,0.6,0,0,0,0,1,0,0,0,0,1,1,6,0,0,0,0,0,Orlando City,1.1,11.63
Jack Lynn,USA,"FW,DF",22,3,0,6,0.1,0,0,0,0,0,0,0,0,0,0,0,2,0,0,0,0,0,Orlando City,0.68775,6.8775
Adam Grinwis,USA,GK,29,0,0,NA,NA,NA,NA,NA,NA,NA,NA,NA,NA,NA,NA,NA,NA,NA,NA,NA,NA,NA,Orlando City,0.85444,8.5444
Javier Otero,VEN,GK,19,0,0,NA,NA,NA,NA,NA,NA,NA,NA,NA,NA,NA,NA,NA,NA,NA,NA,NA,NA,NA,Orlando City,0.6736,6.736
Andre Blake,JAM,GK,31,34,34,3060,34,0,0,0,0,1,0,0,0,0,0,0,0,0,0,0,0,0,Philadelphia Union,7.75,89.4375
Jakob Glesnes,NOR,DF,27,34,34,3060,34,0,2,0,0,2,0,0.7,0.7,1.6,30,98,4,0,0.06,0.02,0.05,0.02,Philadelphia Union,9,103.8125
Dániel Gazdag,HUN,MF,25,34,34,2929,32.5,22,6,7,7,7,0,16.2,10.7,5.2,47,186,169,0.6799999999999999,0.18,0.5,0.16,0.32999999999999996,Philadelphia Union,12,135.5
Kai Wagner,GER,DF,24,33,33,2950,32.8,0,8,0,0,6,1,0.6,0.6,7.8,55,100,112,0,0.24000000000000002,0.02,0.24000000000000002,0.02,Philadelphia Union,6.3,70.1
Leon Flach,USA,MF,20,34,33,2745,30.5,0,2,0,0,3,0,0.7,0.7,1.2,31,73,56,0,0.07,0.02,0.04,0.02,Philadelphia Union,2.8,29.45
Jack Elliott,ENG,DF,26,32,32,2860,31.8,2,1,0,0,3,0,3.1,3.1,0.9,8,67,6,0.06,0.03,0.1,0.03,0.1,Philadelphia Union,7.5,84.375
Julián Carranza,ARG,FW,21,31,28,2210,24.6,14,6,2,3,9,1,14.1,11.8,2.5,28,48,190,0.5700000000000001,0.24000000000000002,0.5700000000000001,0.1,0.48000000000000004,Philadelphia Union,9.5,95
Alejandro Bedoya,USA,MF,34,30,27,2422,26.9,6,6,0,0,8,0,3.3,3.3,4,49,173,157,0.22,0.22,0.12000000000000001,0.15000000000000002,0.12000000000000001,Philadelphia Union,7.8,106
Mikael Uhre,DEN,FW,27,27,21,1617,18,13,3,0,0,1,0,8.1,8.1,2.7,48,33,125,0.72,0.17,0.45,0.15000000000000002,0.45,Philadelphia Union,17,194
Nathan Harriel,USA,DF,20,25,20,1768,19.6,1,1,0,0,2,0,1.7,1.7,0.5,12,63,64,0.05,0.05,0.09,0.02,0.09,Philadelphia Union,1.6,18.1675
Olivier Mbaizo,CMR,DF,24,19,14,1307,14.5,0,2,0,0,2,0,0.2,0.2,2.7,26,59,80,0,0.14,0.01,0.18,0.01,Philadelphia Union,3,37.3589
Jack McGlynn,USA,MF,18,23,9,1018,11.3,1,3,0,0,3,0,0.8,0.8,1.5,14,101,29,0.09,0.27,0.07,0.14,0.07,Philadelphia Union,1.6,18.6533
Cory Burke,JAM,FW,30,33,8,1194,13.3,7,4,0,0,6,0,5.9,5.9,3.3,29,33,78,0.53,0.3,0.45,0.25,0.45,Philadelphia Union,5,57.1871
Quinn Sullivan,USA,"FW,MF",17,17,1,245,2.7,1,0,0,0,1,0,0.7,0.7,0.6,9,8,27,0.37,0,0.24000000000000002,0.21000000000000002,0.24000000000000002,Philadelphia Union,1.2,12.35
Brandan Craig,USA,MF,17,1,0,4,0,0,0,0,0,0,0,0,0,0,0,0,0,0,0,0,0,0,Philadelphia Union,1.15,12.7825
Joe Bendik,USA,GK,32,0,0,NA,NA,NA,NA,NA,NA,NA,NA,NA,NA,NA,NA,NA,NA,NA,NA,NA,NA,NA,Philadelphia Union,1.75,19.25
Matt Freese,USA,GK,23,0,0,NA,NA,NA,NA,NA,NA,NA,NA,NA,NA,NA,NA,NA,NA,NA,NA,NA,NA,NA,Philadelphia Union,1.6125,18
Richard Odada,KEN,MF,21,0,0,NA,NA,NA,NA,NA,NA,NA,NA,NA,NA,NA,NA,NA,NA,NA,NA,NA,NA,NA,Philadelphia Union,0.95,11.35
Yimmi Chará,COL,"MF,FW",30,34,33,2760,30.7,4,3,0,0,5,0,5,5,3.6,59,137,223,0.13,0.1,0.16,0.12000000000000001,0.16,Portland Timbers,15,180.3
Santiago Moreno,COL,"FW,MF",21,34,28,2428,27,7,6,3,3,2,0,6.8,4.5,6.2,67,120,194,0.26,0.22,0.25,0.23,0.17,Portland Timbers,3.4,38.4993
Diego Chará,COL,MF,35,28,27,2435,27.1,0,2,0,0,9,0,0.4,0.4,1.9,18,135,27,0,0.07,0.02,0.07,0.02,Portland Timbers,6.5,65.8333
Claudio Bravo,ARG,DF,24,26,26,2202,24.5,0,2,0,0,8,1,1.1,1.1,2.1,59,158,73,0,0.08,0.04,0.08,0.04,Portland Timbers,3.15,37.1654
Bill Tuiloma,NZL,DF,26,30,24,2255,25.1,6,2,0,0,6,1,3.7,3.7,0.9,13,80,16,0.24000000000000002,0.08,0.15000000000000002,0.04,0.15000000000000002,Portland Timbers,4.35,45.9938
Sebastián Blanco,ARG,"FW,MF",33,32,20,1820,20.2,7,7,1,1,7,0,5.6,4.8,5.4,72,156,178,0.35,0.35,0.28,0.27,0.24000000000000002,Portland Timbers,13.8,174.8
Cristhian Paredes,PAR,MF,23,27,20,1663,18.5,2,2,1,1,6,0,3.6,2.8,1.5,13,67,44,0.11,0.11,0.19,0.08,0.15000000000000002,Portland Timbers,5.5,64.8
Dairon Asprilla,COL,"FW,MF",29,29,19,1847,20.5,10,2,4,4,8,0,7.8,4.6,3.2,46,40,146,0.49,0.1,0.38,0.16,0.23,Portland Timbers,3.65,37.75
Larrys Mabiala,COD,DF,34,21,18,1561,17.3,0,1,0,0,6,0,0.3,0.3,0.2,5,63,3,0,0.06,0.02,0.01,0.02,Portland Timbers,4,41.25
Eryk Williamson,USA,MF,24,22,13,1157,12.9,0,5,0,0,8,0,0.4,0.4,2.9,20,65,38,0,0.39,0.03,0.22,0.03,Portland Timbers,6.25,62.5
Zac McGraw,CAN,DF,24,22,11,1076,12,1,0,0,0,5,0,1.7,1.7,0,3,28,7,0.08,0,0.14,0,0.14,Portland Timbers,1.3,15.1875
David Ayala,ARG,MF,19,21,8,741,8.2,0,0,0,0,3,0,0.4,0.4,0.5,9,49,11,0,0,0.04,0.07,0.04,Portland Timbers,3.75,49.6
Marvin Loría,CRC,"FW,MF",24,28,7,803,8.9,2,1,0,1,0,0,2.5,1.6,0.8,38,34,71,0.22,0.11,0.28,0.09,0.18,Portland Timbers,2,23.9375
Justin Rasmussen,USA,DF,23,9,7,646,7.2,0,0,0,0,1,0,0.2,0.2,0.3,11,21,29,0,0,0.03,0.04,0.03,Portland Timbers,0.85444,8.5444
Pablo Bonilla,VEN,DF,22,6,3,252,2.8,0,0,0,0,0,1,0,0,0.1,4,8,6,0,0,0,0.02,0,Portland Timbers,1.35,14.7667
Juan David Mosquera,COL,"DF,MF",19,3,2,189,2.1,0,0,0,0,0,0,0.1,0.1,0,9,8,15,0,0,0.04,0.01,0.04,Portland Timbers,1.84,20.9667
David Bingham,USA,GK,32,2,2,180,2,0,0,0,0,0,0,0,0,0,0,0,0,0,0,0,0,0,Portland Timbers,0.85444,8.5444
Felipe Mora,CHI,"FW,MF",28,7,0,83,0.9,1,0,1,1,0,0,1.3,0.6,0,0,2,9,1.08,0,1.46,0,0.6,Portland Timbers,1.2,31.775
Tega Ikoba,USA,FW,18,2,0,23,0.3,0,0,0,0,0,0,0.1,0.1,0,0,0,0,0,0,0.29000000000000004,0,0.29000000000000004,Portland Timbers,0.89716,8.9716
Zac MacMath,USA,GK,30,34,34,3060,34,0,0,0,0,3,0,0.1,0.1,0,0,1,0,0,0,0,0,0,Real Salt Lake,3.5,35
Andrew Brody,USA,DF,26,34,33,2955,32.8,2,4,0,0,2,0,1.4,1.4,3.2,115,224,142,0.06,0.12000000000000001,0.04,0.1,0.04,Real Salt Lake,2.5,27.5678
Marcelo Silva,URU,DF,32,31,31,2774,30.8,2,0,0,0,5,0,2.1,2.1,0.7,3,47,4,0.06,0,0.07,0.02,0.07,Real Salt Lake,6,60
Justin Meram,IRQ,"MF,FW",33,33,27,2276,25.3,3,6,0,0,4,0,3,3,6.7,92,118,206,0.12000000000000001,0.24000000000000002,0.12000000000000001,0.27,0.12000000000000001,Real Salt Lake,4.5,49.375
Justen Glad,USA,DF,24,26,26,2303,25.6,3,0,0,0,6,0,3.1,3.1,0.4,1,59,0,0.12000000000000001,0,0.12000000000000001,0.01,0.12000000000000001,Real Salt Lake,7.25,90.5
Maikel Chang,CUB,"MF,FW",30,33,24,1835,20.4,2,4,0,0,3,0,2.5,2.5,4,35,67,168,0.1,0.2,0.12000000000000001,0.2,0.12000000000000001,Real Salt Lake,1.7,19.375
Jasper Löffelsend,GER,MF,24,30,19,1626,18.1,1,3,0,0,7,0,0.8,0.8,1.4,33,74,62,0.06,0.17,0.04,0.08,0.04,Real Salt Lake,0.966,9.66
Jefferson Savarino,VEN,"FW,MF",25,19,17,1522,16.9,7,4,0,0,2,0,4.5,4.5,4.2,30,85,114,0.41000000000000003,0.24000000000000002,0.27,0.25,0.27,Real Salt Lake,15.25,174.9292
Scott Caldwell,USA,MF,30,26,15,1363,15.1,0,0,0,0,5,0,0.4,0.4,0.1,5,65,15,0,0,0.03,0.01,0.03,Real Salt Lake,2.25,23
Bobby Wood,USA,FW,29,14,13,983,10.9,3,1,0,0,0,0,3.6,3.6,1.4,14,16,67,0.27,0.09,0.32999999999999996,0.13,0.32999999999999996,Real Salt Lake,4,42.125
Tate Schmitt,USA,"DF,MF",24,14,10,860,9.6,2,1,0,0,4,0,0.6,0.6,0.4,16,28,34,0.21000000000000002,0.1,0.06,0.04,0.06,Real Salt Lake,0.85444,8.5444
Erik Holt,USA,DF,25,10,6,563,6.3,0,0,0,0,2,0,0.6,0.6,0.1,1,22,1,0,0,0.1,0.02,0.1,Real Salt Lake,2,21.875
Bryan Oviedo,CRC,"DF,MF",31,6,4,361,4,0,2,0,0,0,0,0.1,0.1,0.3,8,12,24,0,0.5,0.02,0.08,0.02,Real Salt Lake,3.25,37.5826
Anderson Julio,ECU,"FW,MF",25,19,3,522,5.8,3,1,0,0,1,0,2.2,2.2,0.5,11,5,44,0.52,0.17,0.38,0.09,0.38,Real Salt Lake,7.5,82
Braian Ojeda,PAR,MF,21,6,3,352,3.9,0,0,0,0,0,0,0.1,0.1,0.1,11,21,7,0,0,0.02,0.03,0.02,Real Salt Lake,5.9,64.8653
Diego Luna,USA,MF,18,13,3,318,3.5,0,0,0,0,1,0,0.4,0.4,0.2,7,23,16,0,0,0.1,0.06,0.1,Real Salt Lake,1.2,13.438
Jaziel Orozco,USA,DF,17,4,3,315,3.5,0,0,0,0,0,0,0.2,0.2,0,0,5,0,0,0,0.05,0,0.05,Real Salt Lake,0.85444,8.5444
Damir Kreilach,CRO,"MF,FW",32,5,3,300,3.3,1,0,0,0,1,0,1.3,1.3,0.1,1,13,14,0.3,0,0.37,0.02,0.37,Real Salt Lake,16.5,165
Julio Benitez,USA,MF,16,1,0,5,0.1,0,0,0,0,0,0,NA,NA,NA,NA,NA,NA,0,0,NA,NA,NA,Real Salt Lake,0.85444,9.5069
David Ochoa,USA,GK,21,0,0,NA,NA,NA,NA,NA,NA,NA,NA,NA,NA,NA,NA,NA,NA,NA,NA,NA,NA,NA,Real Salt Lake,0.6736,6.936
Jeremy Ebobisse,USA,FW,24,34,34,2944,32.7,17,2,2,2,0,0,15.2,13.6,2.4,29,81,192,0.52,0.06,0.46,0.07,0.42000000000000004,San Jose Earthquakes,7.6398,90.9863
Cristian Espinoza,ARG,"FW,MF",26,34,33,2848,31.6,7,9,5,5,4,0,7.7,3.8,9.7,86,76,335,0.22,0.28,0.24000000000000002,0.31,0.12000000000000001,San Jose Earthquakes,11.5,126.5
Jackson Yueill,USA,"MF,DF",24,31,31,2690,29.9,4,2,0,0,6,0,1.9,1.9,1.9,13,199,60,0.13,0.07,0.06,0.06,0.06,San Jose Earthquakes,7.5,78.6875
Jamiro Monteiro,CPV,MF,28,31,31,2637,29.3,4,6,0,0,3,1,2.9,2.9,5.1,62,231,181,0.14,0.2,0.1,0.17,0.1,San Jose Earthquakes,12,129.35
Paul Marie,FRA,DF,26,32,26,2238,24.9,1,1,0,0,5,0,1.4,1.4,2.1,76,98,117,0.04,0.04,0.06,0.09,0.06,San Jose Earthquakes,1.8,19.1375
Tanner Beason,USA,DF,24,28,25,2244,24.9,0,0,0,0,2,0,0.7,0.7,0.1,4,70,8,0,0,0.03,0.01,0.03,San Jose Earthquakes,2.5,25
Benjamin Kikanovic,USA,"FW,MF",22,30,16,1370,15.2,6,3,0,0,5,0,3.6,3.6,1.5,42,29,105,0.39,0.2,0.23,0.1,0.23,San Jose Earthquakes,1.3,13.5775
Cade Cowell,USA,"FW,MF",18,31,15,1554,17.3,3,3,0,0,2,0,3.3,3.3,1.6,58,34,160,0.17,0.17,0.19,0.1,0.19,San Jose Earthquakes,6,68.9909
Tommy Thompson,USA,DF,26,27,14,1322,14.7,1,2,0,0,1,0,1.1,1.1,0.8,44,72,69,0.07,0.14,0.08,0.05,0.08,San Jose Earthquakes,1.15,11.5
Niko Tsakiris,USA,MF,16,10,3,370,4.1,0,0,0,0,1,0,0.4,0.4,0.3,11,38,15,0,0,0.09,0.06,0.09,San Jose Earthquakes,0.85444,8.9611
Miguel Trauco,PER,DF,29,3,1,137,1.5,0,2,0,0,0,0,0,0,0.1,2,8,2,0,1.31,0.03,0.05,0.03,San Jose Earthquakes,5,55
Matt Bersano,USA,GK,29,2,1,135,1.5,0,0,0,0,0,0,0,0,0,0,0,0,0,0,0,0,0,San Jose Earthquakes,1.25,13.25
Ousseni Bouda,BFA,"FW,MF",21,9,0,118,1.3,0,0,0,0,2,0,0.3,0.3,0.1,8,4,7,0,0,0.27,0.06,0.27,San Jose Earthquakes,1,11.25
Jack Skahan,USA,"DF,MF",23,10,0,96,1.1,1,0,0,0,0,0,0.1,0.1,1,2,8,9,0.9400000000000001,0,0.1,0.97,0.1,San Jose Earthquakes,0.882,8.82
Will Richmond,USA,"MF,FW",21,2,0,45,0.5,0,0,0,0,0,0,0,0,0,3,1,7,0,0,0.06,0,0.06,San Jose Earthquakes,0.68775,6.8775
Casey Walls,USA,DF,19,0,0,NA,NA,NA,NA,NA,NA,NA,NA,NA,NA,NA,NA,NA,NA,NA,NA,NA,NA,NA,San Jose Earthquakes,1.5,15.3
Albert Rusnák,SVK,MF,27,32,30,2603,28.9,3,0,0,0,3,0,2.6,2.6,2.1,70,198,93,0.1,0,0.09,0.07,0.09,Seattle Sounders FC,18,187.1667
Nouhou Tolo,CMR,DF,24,30,28,2502,27.8,1,2,0,0,5,0,0.9,0.9,1.8,62,67,136,0.04,0.07,0.03,0.06,0.03,Seattle Sounders FC,5.5,57.1875
Stefan Frei,SUI,GK,35,27,27,2430,27,0,0,0,0,0,0,0,0,0,0,0,0,0,0,0,0,0,Seattle Sounders FC,6.5,65
Jordan Morris,USA,FW,27,29,27,2316,25.7,7,2,0,0,2,0,9.6,9.6,4.5,45,34,201,0.27,0.08,0.37,0.18,0.37,Seattle Sounders FC,15.5,156
Nicolás Lodeiro,URU,MF,32,28,26,2316,25.7,7,7,4,5,6,0,6.5,2.5,7.5,61,278,177,0.27,0.27,0.25,0.29000000000000004,0.1,Seattle Sounders FC,26.4,325.6667
Yeimar Gómez Andrade,COL,DF,29,28,26,2314,25.7,1,0,0,0,4,0,1.4,1.4,0.2,4,66,3,0.04,0,0.06,0.01,0.06,Seattle Sounders FC,6.72732,74.182
Xavier Arreaga,ECU,DF,27,27,26,2166,24.1,1,0,0,0,4,0,1.1,1.1,0.9,12,77,1,0.04,0,0.05,0.04,0.05,Seattle Sounders FC,7.5,75
Jackson Ragen,USA,DF,23,23,14,1391,15.5,0,0,0,0,6,1,0.7,0.7,0.2,3,36,0,0,0,0.04,0.01,0.04,Seattle Sounders FC,0.85444,8.5444
Kelyn Rowe,USA,"DF,MF",30,28,14,1307,14.5,1,1,0,0,7,2,0.8,0.8,0.4,16,69,54,0.07,0.07,0.06,0.03,0.06,Seattle Sounders FC,3,30
Raúl Ruidíaz,PER,FW,31,18,14,1302,14.5,9,1,1,1,0,0,7.1,6.3,1.1,16,38,73,0.62,0.07,0.49,0.07,0.44,Seattle Sounders FC,24.72,320.112
Fredy Montero,COL,"FW,MF",34,26,12,1284,14.3,4,1,1,1,2,0,6,5.2,1.9,25,78,83,0.28,0.07,0.42000000000000004,0.13,0.36,Seattle Sounders FC,1.95,19.5
Danny Leyva,USA,MF,18,19,12,951,10.6,0,1,0,0,3,0,0.4,0.4,0.5,13,85,12,0,0.09,0.04,0.04,0.04,Seattle Sounders FC,2,22.49
Will Bruin,USA,FW,32,24,10,868,9.6,3,0,0,0,2,0,2.8,2.8,0.4,6,16,55,0.31,0,0.29000000000000004,0.04,0.29000000000000004,Seattle Sounders FC,2,20
Obed Vargas,USA,"MF,FW",16,13,10,851,9.5,0,0,0,0,5,0,0.3,0.3,0.5,15,35,14,0,0,0.03,0.06,0.03,Seattle Sounders FC,0.6736,7.6392
Jimmy Medranda,COL,"DF,FW",27,21,8,651,7.2,0,2,0,0,1,0,0.9,0.9,1.5,18,30,62,0,0.28,0.12000000000000001,0.21000000000000002,0.12000000000000001,Seattle Sounders FC,3,33.125
Stefan Cleveland,USA,GK,27,7,7,630,7,0,0,0,0,0,0,0,0,0,0,0,0,0,0,0,0,0,Seattle Sounders FC,2,21.75
João Paulo Mior,BRA,MF,30,6,6,453,5,1,0,0,0,1,0,0.3,0.3,0.7,2,25,4,0.2,0,0.06,0.14,0.06,Seattle Sounders FC,13,138.3333
Abdoulaye Cissoko,FRA,DF,22,10,5,409,4.5,0,0,0,0,0,0,0,0,0,1,4,0,0,0,0.01,0,0.01,Seattle Sounders FC,0.85444,8.5444
Ethan Dobbelaere,USA,"DF,MF",19,8,2,273,3,0,0,0,0,0,0,0.1,0.1,0.2,8,6,20,0,0,0.04,0.05,0.04,Seattle Sounders FC,1.04,11.8
Dylan Teves,USA,"FW,MF",21,6,1,101,1.1,1,0,0,0,0,0,0.4,0.4,0,1,4,12,0.89,0,0.38,0,0.38,Seattle Sounders FC,0.68775,6.8775
Reed Baker-Whiting,USA,MF,16,2,1,95,1.1,0,0,0,0,0,0,0.6,0.6,0.1,0,0,5,0,0,0.6,0.09,0.6,Seattle Sounders FC,0.85444,10.5444
Samuel Adeniran,USA,FW,23,2,1,73,0.8,0,0,0,0,0,0,0.1,0.1,0,0,2,9,0,0,0.09,0,0.09,Seattle Sounders FC,0.85444,8.5444
Andrew Thomas,RUS,GK,23,0,0,NA,NA,NA,NA,NA,NA,NA,NA,NA,NA,NA,NA,NA,NA,NA,NA,NA,NA,NA,Seattle Sounders FC,1.25,13.25
Rémi Walter,FRA,MF,26,34,34,2972,33,3,1,0,0,3,0,1.1,1.1,2.4,20,132,31,0.09,0.03,0.03,0.07,0.03,Sporting KC,8.5,85
Johnny Russell,SCO,"FW,MF",31,33,31,2698,30,8,1,3,4,4,0,8.1,4.9,4.2,126,82,217,0.27,0.03,0.27,0.14,0.16,Sporting KC,10,100
Dániel Sallói,HUN,"FW,MF",25,29,28,2528,28.1,7,3,0,1,2,1,5.8,5,4.1,66,72,221,0.25,0.11,0.21000000000000002,0.15000000000000002,0.18,Sporting KC,11,110
Andreu Fontàs,ESP,DF,32,28,27,2437,27.1,2,0,0,0,6,1,1.6,1.6,0.4,32,134,2,0.07,0,0.06,0.01,0.06,Sporting KC,4.5,45
Tim Melia,USA,GK,35,21,21,1852,20.6,0,0,0,0,1,0,0,0,0,0,1,0,0,0,0,0,0,Sporting KC,6.25,63.75
Graham Zusi,USA,DF,35,21,20,1659,18.4,2,1,0,0,1,0,0.5,0.5,1.4,21,96,46,0.11,0.05,0.03,0.08,0.03,Sporting KC,3.25,32.5
Logan Ndenbe,BEL,DF,21,22,19,1753,19.5,0,0,0,0,2,0,0.2,0.2,0.7,60,103,123,0,0,0.01,0.03,0.01,Sporting KC,3.5,39.6125
Ben Sweat,USA,DF,30,20,18,1524,16.9,0,3,0,0,4,0,0.7,0.7,1.7,27,53,79,0,0.18,0.04,0.1,0.04,Sporting KC,2.5,25
Khiry Shelton,USA,FW,28,24,15,1407,15.6,1,1,0,0,1,0,2.1,2.1,0.5,15,20,61,0.06,0.06,0.14,0.03,0.14,Sporting KC,5.75,62.5
Cameron Duke,USA,"MF,FW",20,26,13,1227,13.6,0,2,0,0,5,1,1.7,1.7,1.8,46,40,70,0,0.15000000000000002,0.12000000000000001,0.13,0.12000000000000001,Sporting KC,1.375,14.05
John Pulskamp,USA,GK,20,12,11,1028,11.4,0,0,0,0,0,0,0,0,0,0,0,0,0,0,0,0,0,Sporting KC,1.5,17.35
Erik Thommy,GER,MF,27,12,10,880,9.8,3,1,0,0,1,0,2.1,2.1,1.1,45,51,59,0.31,0.1,0.21000000000000002,0.11,0.21000000000000002,Sporting KC,15.5,165.625
Kayden Pierre,USA,DF,18,19,9,953,10.6,0,1,0,0,1,0,0.1,0.1,0.3,29,42,23,0,0.09,0.01,0.03,0.01,Sporting KC,0.85444,9.1819
Kortne Ford,USA,DF,26,14,9,807,9,0,0,0,0,4,0,0.1,0.1,0.1,2,25,3,0,0,0.01,0.02,0.01,Sporting KC,1.65,17
Robert Voloder,BIH,DF,20,12,7,719,8,1,0,0,0,2,1,0,0,0.1,19,38,5,0.13,0,0.01,0.01,0.01,Sporting KC,4.25,45.286
Marinos Tzionis,CYP,"FW,MF",20,27,6,779,8.7,1,0,0,0,0,0,2.1,2.1,0.9,35,29,63,0.12000000000000001,0,0.25,0.1,0.25,Sporting KC,6.25,62.5
Kendall McIntosh,USA,GK,28,2,2,180,2,0,0,0,0,0,0,0,0,0,0,0,0,0,0,0,0,0,Sporting KC,1.3,13
Jake Davis,USA,"MF,FW",20,3,0,17,0.2,0,0,0,0,0,0,0,0,0,0,0,0,0,0,0,0,0,Sporting KC,0.85444,8.5444
Michael Bradley,USA,MF,34,34,34,3049,33.9,3,3,0,0,5,0,1,1,1.8,30,232,22,0.09,0.09,0.03,0.05,0.03,Toronto FC,6.14286,61.4286
Jesús Jiménez,ESP,FW,28,33,27,2342,26,9,3,0,0,2,0,7.8,7.8,4.1,36,62,139,0.35,0.12000000000000001,0.3,0.16,0.3,Toronto FC,11,121.9927
Alex Bono,USA,GK,27,24,24,2160,24,0,0,0,0,0,0,0,0,0,0,1,0,0,0,0,0,0,Toronto FC,0.85444,10.5444
Shane O'Neill,USA,DF,28,26,21,1899,21.1,0,1,0,0,4,0,0.1,0.1,0.8,7,57,2,0,0.05,0,0.04,0,Toronto FC,3.5,38.8
Luca Petrasso,CAN,"DF,MF",21,23,21,1679,18.7,0,2,0,0,0,0,0.7,0.7,1.8,54,57,127,0,0.11,0.04,0.1,0.04,Toronto FC,0.85444,9.4468
Lukas MacNaughton,CAN,DF,26,25,20,1787,19.9,0,0,0,0,6,0,0.7,0.7,0.2,6,52,4,0,0,0.04,0.01,0.04,Toronto FC,0.85444,8.7544
Jonathan Osorio,CAN,MF,29,23,20,1687,18.7,9,4,0,0,5,0,4.3,4.3,1.7,26,143,84,0.48000000000000004,0.21000000000000002,0.23,0.09,0.23,Toronto FC,14,140
Kosi Thompson,CAN,"DF,MF",19,24,19,1620,18,1,1,0,0,1,0,0.8,0.8,1,33,47,89,0.06,0.06,0.04,0.06,0.04,Toronto FC,0.85444,9.0704
Chris Mavinga,COD,DF,30,19,19,1494,16.6,0,0,0,0,2,0,0,0,0,3,55,2,0,0,0,0,0,Toronto FC,3.99996,45.2496
Ayo Akinola,CAN,FW,22,26,14,1241,13.8,2,0,0,0,2,0,3.9,3.9,0.6,13,11,91,0.15000000000000002,0,0.29000000000000004,0.04,0.29000000000000004,Toronto FC,7,77.1875
Federico Bernardeschi,ITA,FW,27,13,13,1096,12.2,8,2,5,5,5,0,6.3,2.3,2.3,48,49,113,0.6599999999999999,0.16,0.52,0.19,0.19,Toronto FC,31.25,629.5381
Deandre Kerr,CAN,"MF,FW",19,26,11,1306,14.5,3,0,0,0,2,0,2.9,2.9,0.9,34,30,81,0.21000000000000002,0,0.2,0.06,0.2,Toronto FC,0.85444,9.0763
Lorenzo Insigne,ITA,"FW,MF",30,11,11,926,10.3,6,2,0,1,1,0,3.9,3.1,2.5,38,68,99,0.58,0.19,0.38,0.24000000000000002,0.3,Toronto FC,75,1540
Quentin Westberg,USA,GK,35,10,10,900,10,0,0,0,0,1,0,0,0,0,0,0,0,0,0,0,0,0,Toronto FC,2,20
Richie Laryea,CAN,DF,27,10,10,862,9.6,0,3,0,0,5,0,0,0,2,37,46,38,0,0.31,0,0.21000000000000002,0,Toronto FC,14.36338,143.6338
Mark-Anthony Kaye,CAN,MF,27,8,7,628,7,0,1,0,0,1,0,0.6,0.6,0.3,7,31,27,0,0.14,0.08,0.05,0.08,Toronto FC,7.5,75
Jacob Shaffelburg,CAN,"DF,FW",22,13,6,581,6.5,0,1,0,0,1,0,0.9,0.9,0.2,32,26,49,0,0.15000000000000002,0.13,0.03,0.13,Toronto FC,1.5,19.5
Jahkeele Marshall-Rutty,CAN,DF,17,17,5,621,6.9,0,0,0,0,1,0,0.1,0.1,0.3,18,36,27,0,0,0.02,0.04,0.02,Toronto FC,1.525,15.9313
Ralph Priso-Mbongue,CAN,MF,19,10,4,278,3.1,1,0,0,0,2,1,0.2,0.2,0.1,3,23,3,0.32,0,0.05,0.04,0.05,Toronto FC,0.89716,8.9716
Jordan Perruzza,CAN,"FW,MF",21,13,1,232,2.6,0,0,0,0,0,0,0.4,0.4,0.4,7,4,15,0,0,0.14,0.14,0.14,Toronto FC,1.3,13.25
Ifunanyachi Achara,USA,"FW,MF",24,15,0,382,4.2,0,1,0,0,1,0,0.3,0.3,0.4,3,8,51,0,0.24000000000000002,0.08,0.09,0.08,Toronto FC,0.85444,8.5444
Themi Antonoglou,CAN,DF,20,2,0,41,0.5,0,0,0,0,0,0,0,0,0,1,0,3,0,0,0.08,0.05,0.08,Toronto FC,0.68775,7.288
Paul Rothrock,USA,"FW,DF",23,2,0,34,0.4,0,0,0,0,0,0,0,0,0,1,0,5,0,0,0,0,0,Toronto FC,0.85444,8.5444
Kobe Franklin,CAN,DF,18,1,0,14,0.2,0,0,0,0,0,0,0,0,0,1,0,0,0,0,0,0,0,Toronto FC,0.6736,7.8162
Greg Ranjitsingh,TRI,GK,28,0,0,NA,NA,NA,NA,NA,NA,NA,NA,NA,NA,NA,NA,NA,NA,NA,NA,NA,NA,NA,Toronto FC,0.95,10.0167
Ryan Gauld,SCO,"MF,FW",26,28,25,2237,24.9,8,5,2,2,6,0,7.6,6.1,5.1,67,157,173,0.32,0.2,0.31,0.2,0.24000000000000002,Vancouver Whitecaps FC,24,250.5
Russell Teibert,CAN,MF,29,29,24,2035,22.6,0,0,0,0,5,0,0.6,0.6,0.5,10,72,54,0,0,0.03,0.02,0.03,Vancouver Whitecaps FC,4,44.9375
Tristan Blackmon,USA,DF,25,28,23,2134,23.7,1,0,0,0,5,0,2,2,0.1,30,116,3,0.04,0,0.08,0.01,0.08,Vancouver Whitecaps FC,4,45.1208
Javain Brown,JAM,DF,22,27,22,1858,20.6,1,0,0,0,4,0,0.8,0.8,1.2,13,75,61,0.05,0,0.04,0.06,0.04,Vancouver Whitecaps FC,1.4,15.3688
Jake Nerwinski,USA,DF,27,24,20,1809,20.1,0,0,0,0,2,1,0.5,0.5,0,15,57,6,0,0,0.03,0,0.03,Vancouver Whitecaps FC,2.5,27.75
Brian White,USA,FW,25,26,19,1667,18.5,4,1,0,0,1,0,5.2,5.2,1.9,11,22,117,0.22,0.05,0.28,0.1,0.28,Vancouver Whitecaps FC,5.11,51.1
Thomas Hasal,CAN,GK,22,17,17,1509,16.8,0,0,0,0,0,0,0,0,0,0,0,0,0,0,0,0,0,Vancouver Whitecaps FC,2.03,22.2412
Ryan Raposo,CAN,DF,22,30,17,1440,16,2,1,0,0,2,0,1.2,1.2,1.6,43,62,120,0.12000000000000001,0.06,0.07,0.1,0.07,Vancouver Whitecaps FC,1.2,13.7
Andrés Cubas,PAR,MF,25,18,17,1349,15,1,0,0,0,2,0,0.3,0.3,0.2,4,79,10,0.07,0,0.02,0.02,0.02,Vancouver Whitecaps FC,10.5,114.6375
Pedro Vite,ECU,"MF,FW",19,24,14,1193,13.3,2,2,0,0,2,0,1.5,1.5,2.7,17,92,101,0.15000000000000002,0.15000000000000002,0.11,0.2,0.11,Vancouver Whitecaps FC,5.92,64.5997
Sebastian Berhalter,USA,MF,20,18,11,1023,11.4,0,0,0,0,5,0,0.5,0.5,0.5,12,63,19,0,0,0.05,0.04,0.05,Vancouver Whitecaps FC,1.5,16.025
Julian Gressel,USA,"MF,DF",28,13,11,972,10.8,2,2,0,0,1,0,1.3,1.3,1.8,26,51,82,0.19,0.19,0.12000000000000001,0.16,0.12000000000000001,Vancouver Whitecaps FC,8.84,93.0406
Cristián Gutiérrez,CHI,DF,24,11,6,616,6.8,0,1,0,0,1,0,0.2,0.2,1.1,11,39,17,0,0.15000000000000002,0.03,0.16,0.03,Vancouver Whitecaps FC,3,31.1667
Luís Martins,POR,"DF,MF",29,12,5,471,5.2,0,0,0,0,1,0,0.2,0.2,0.5,11,16,25,0,0,0.04,0.1,0.04,Vancouver Whitecaps FC,3,30
Alessandro Schöpf,AUT,MF,27,7,5,342,3.8,0,0,0,0,1,0,0.2,0.2,0.1,8,11,23,0,0,0.06,0.01,0.06,Vancouver Whitecaps FC,9,99.25
Michael Baldisimo,CAN,MF,21,13,4,455,5.1,0,0,0,0,2,0,0.2,0.2,0.3,3,33,6,0,0,0.03,0.05,0.03,Vancouver Whitecaps FC,0.85444,8.5444
Isaac Boehmer,USA,GK,20,3,2,225,2.5,0,0,0,0,0,0,0,0,0,0,0,0,0,0,0,0,0,Vancouver Whitecaps FC,0.68775,6.8775
Max Anchor,CAN,GK,17,1,1,90,1,0,0,0,0,0,0,0,0,0,0,0,0,0,0,0,0,0,Vancouver Whitecaps FC,0.6736,7.4802
Ali Ahmed,CAN,DF,21,2,0,56,0.6,0,0,0,0,0,0,0,0,0,2,0,5,0,0,0.07,0.03,0.07,Vancouver Whitecaps FC,0.85444,9.4819
Simon Becher,USA,FW,22,1,0,9,0.1,1,0,0,0,0,0,0.3,0.3,0,0,0,0,10,0,2.69,0,2.69,Vancouver Whitecaps FC,0.6736,7.0485
Matteo Campagna,CAN,MF,17,0,0,NA,NA,NA,NA,NA,NA,NA,NA,NA,NA,NA,NA,NA,NA,NA,NA,NA,NA,NA,Vancouver Whitecaps FC,0.85444,9.4456
Luiz Araújo,BRA,"FW,MF",25,28,26,2189,24.3,4,5,0,1,7,0,9,8.2,5,116,107,196,0.16,0.21000000000000002,0.37,0.21000000000000002,0.33999999999999997,Atlanta United,5.56364,69.5977
Juan José Sánchez,COL,DF,24,17,16,1452,16.1,6,0,0,0,5,0,2.3,2.3,0.1,3,43,2,0.37,0,0.14,0.01,0.14,Atlanta United,4,48.35
Machop Malual,SSD,"DF,FW",23,6,0,80,0.9,0,0,0,0,0,0,0.1,0.1,0,5,6,11,0,0,0.14,0,0.14,Atlanta United,0.89716,8.9716
Žan Kolmanič,SVN,DF,21,21,12,1070,11.9,0,2,0,0,2,0,0.2,0.2,1.8,23,56,45,0,0.17,0.02,0.15000000000000002,0.02,Austin FC,3.25,32.5
Hector Jiménez,USA,DF,33,14,8,598,6.6,0,2,0,0,2,0,0.1,0.1,1.4,21,48,35,0,0.3,0.01,0.21000000000000002,0.01,Austin FC,0.85444,8.5444
Moussa Djitte,SEN,FW,22,17,3,462,5.1,4,2,0,0,2,1,2.6,2.6,0.7,6,2,19,0.7799999999999999,0.39,0.51,0.14,0.51,Austin FC,6,60
Mathieu Choiniere,CAN,"DF,MF",22,26,15,1379,15.3,2,0,0,0,1,0,1.1,1.1,1,28,65,97,0.13,0,0.07,0.06,0.07,CF Montreal,2.5,27.6667
Róbert Þorkelsson,ISL,"DF,MF",19,11,0,167,1.9,0,0,0,0,0,0,0,0,0,3,9,8,0,0,0,0,0,CF Montreal,1.75,19.85
Karol Świderski,POL,"FW,MF",25,30,29,2458,27.3,10,4,0,0,3,0,9.2,9.2,2.8,33,59,141,0.37,0.15000000000000002,0.33999999999999997,0.1,0.33999999999999997,Charlotte FC,22,225.8
Kamil Jóźwiak,POL,"FW,MF",23,19,13,1151,12.8,0,3,0,0,4,0,1.7,1.7,2.7,35,39,114,0,0.23,0.13,0.21000000000000002,0.13,Charlotte FC,11,121.7
Jan Sobociński,POL,DF,22,9,3,379,4.2,0,0,0,0,0,0,0.1,0.1,0,1,4,0,0,0,0.03,0,0.03,Charlotte FC,3.25,35.125
Adrian Zendejas,MEX,GK,26,0,0,NA,NA,NA,NA,NA,NA,NA,NA,NA,NA,NA,NA,NA,NA,NA,NA,NA,NA,NA,Charlotte FC,0.85444,9.343
Kacper Przybyłko,POL,FW,28,25,18,1603,17.8,5,1,0,0,3,0,6.5,6.5,2,20,45,110,0.28,0.06,0.36,0.11,0.36,Chicago Fire,11.00004,121.2504
Jonathan Bornstein,USA,"DF,MF",37,22,13,1201,13.3,1,0,0,0,0,0,0.1,0.1,0.6,12,33,33,0.07,0,0.01,0.05,0.01,Chicago Fire,0.85444,9.3611
Christopher Brady,USA,GK,17,1,1,90,1,0,0,0,0,0,0,0,0,0,0,0,0,0,0,0,0,0,Chicago Fire,1.89996,21.3246
Missael Rodriguez,USA,FW,18,0,0,NA,NA,NA,NA,NA,NA,NA,NA,NA,NA,NA,NA,NA,NA,NA,NA,NA,NA,NA,Chicago Fire,0.6736,6.736
Max,BRA,"MF,FW",20,28,9,904,10,0,1,0,0,5,0,2.3,2.3,1.1,28,65,51,0,0.1,0.23,0.11,0.23,Colorado Rapids,2.32,31.336
Cucho,COL,FW,22,16,14,1298,14.4,9,2,0,0,3,0,6.7,6.7,1.3,46,69,104,0.62,0.14,0.46,0.09,0.46,Columbus Crew,26,288.6
William Sands,USA,DF,21,12,5,639,7.1,0,1,0,0,1,0,0.1,0.1,0.1,11,14,20,0,0.14,0.01,0.02,0.01,Columbus Crew,0.85444,9.1694
Alexandru Mățan,ROU,"FW,MF",22,6,0,32,0.4,0,0,0,0,0,0,0.7,0.7,0,2,3,7,0,0,1.78,0,1.78,Columbus Crew,4.5,48.325
Andy Najar,HON,DF,28,23,20,1666,18.5,0,1,0,0,6,0,0.6,0.6,0.6,44,105,59,0,0.05,0.03,0.03,0.03,DC United,4.5,45
Theodore Ku-Dipietro,USA,"FW,MF",20,10,2,238,2.6,0,0,0,0,0,0,0,0,0.1,7,11,20,0,0,0,0.02,0,DC United,0.85444,8.5444
Þorleifur Úlfarsson,ISL,FW,21,31,11,1202,13.4,4,1,0,0,3,0,5.6,5.6,0.8,14,13,77,0.3,0.07,0.42000000000000004,0.06,0.42000000000000004,Houston Dynamo,0.85444,9.7643
Roberto Avila,USA,"FW,MF",21,8,2,159,1.8,0,0,0,0,3,0,0.2,0.2,0,4,1,11,0,0,0.13,0,0.13,Houston Dynamo,0.6736,6.736
Nelson Quiñones,COL,FW,19,8,0,122,1.4,0,0,0,0,0,0,0.1,0.1,0.2,11,5,20,0,0,0.07,0.13,0.07,Houston Dynamo,2.16996,23.789
Micael,BRA,MF,21,1,0,45,0.5,0,0,0,0,1,0,0,0,0,1,0,0,0,0,0,0,0,Houston Dynamo,1.2,13.425
Junior Moreno,VEN,MF,28,27,25,2038,22.6,2,0,0,0,5,0,0.9,0.9,1.1,15,105,21,0.09,0,0.04,0.05,0.04,FC Cincinnati,3.49992,39.8741
Ray Gaddis,USA,DF,32,23,11,1132,12.6,0,0,0,0,1,0,0.1,0.1,1.4,12,37,44,0,0,0.01,0.11,0.01,FC Cincinnati,3,30
Sergio Santos Gomes,BRA,FW,27,8,0,138,1.5,0,0,0,0,0,1,1.5,1.5,0.3,7,3,20,0,0,0.96,0.22,0.96,FC Cincinnati,7,81.4375
Arquimides Ordonez,GUA,"FW,MF",18,8,0,90,1,0,0,0,0,0,0,0.7,0.7,0,4,2,8,0,0,0.65,0,0.65,FC Cincinnati,0.85444,8.8981
Marco Farfan,USA,DF,23,32,32,2725,30.3,1,3,0,0,7,0,0.5,0.5,2.3,46,106,101,0.03,0.1,0.02,0.08,0.02,FC Dallas,4.25,45.7813
Facundo Quignon,ARG,MF,28,25,14,1285,14.3,1,0,0,0,5,0,1.2,1.2,0.5,10,72,14,0.07,0,0.09,0.03,0.09,FC Dallas,8.36,89.0627
Nkosi Tafari,USA,DF,24,27,11,1326,14.7,0,0,0,0,1,0,0.3,0.3,0.2,4,47,2,0,0,0.02,0.02,0.02,FC Dallas,2.4075,24.075
Jean Mota,BRA,MF,28,33,33,2660,29.6,2,2,0,0,6,1,2,2,3.2,30,163,31,0.07,0.07,0.07,0.11,0.07,Inter Miami,7.5,82.875
Gregore,BRA,MF,27,30,30,2700,30,0,2,0,0,12,0,1,1,1.1,43,197,33,0,0.07,0.03,0.04,0.03,Inter Miami,7.25,96.125
Victor Ulloa,USA,"MF,DF",29,19,3,367,4.1,0,1,0,0,0,0,0.1,0.1,0.7,4,11,13,0,0.25,0.03,0.18,0.03,Inter Miami,2.5,25
C.J. dos Santos,USA,GK,21,0,0,NA,NA,NA,NA,NA,NA,NA,NA,NA,NA,NA,NA,NA,NA,NA,NA,NA,NA,NA,Inter Miami,0.6736,7.266
Javier Hernández,MEX,FW,33,32,31,2583,28.7,18,2,3,6,8,0,18.3,13.6,2.4,34,70,178,0.63,0.07,0.64,0.09,0.47000000000000003,LA Galaxy,60,744.375
Julian Araujo,MEX,DF,20,33,30,2741,30.5,0,5,0,0,6,0,1.5,1.5,4.1,44,110,201,0,0.16,0.05,0.14,0.05,LA Galaxy,2.75,28.5
Marky Delgado,USA,MF,26,29,29,2515,27.9,2,2,1,1,5,1,1.5,0.7,2,24,258,81,0.07,0.07,0.05,0.07,0.02,LA Galaxy,7.5,82.625
Dejan Joveljić,SRB,"FW,MF",22,32,7,1003,11.1,11,3,2,3,3,0,7.4,5,2.9,14,29,78,0.99,0.27,0.6599999999999999,0.26,0.45,LA Galaxy,6.5125,65.125
Jonathan Perez,MEX,DF,19,1,0,8,0.1,0,0,0,0,0,0,0,0,0,0,1,0,0,0,0,0,0,LA Galaxy,2.5,28.3
Jesús David Murillo Largacha,COL,DF,27,29,27,2339,26,2,3,0,0,9,0,2.1,2.1,1.4,16,73,11,0.08,0.12000000000000001,0.08,0.05,0.08,Los Angeles FC,4.5,50.95
Daniel Musovski,USA,"FW,MF",26,16,6,513,5.7,2,1,0,0,2,0,1.9,1.9,0.6,8,4,40,0.35,0.18,0.33999999999999997,0.11,0.33999999999999997,Los Angeles FC,0.98687,9.8687
Cristian Tello,ESP,"FW,MF",30,4,0,98,1.1,0,0,0,0,0,0,0.2,0.2,0.1,5,6,14,0,0,0.22,0.09,0.22,Los Angeles FC,6.5,65
Daniel Crisostomo,USA,MF,25,2,0,30,0.3,0,0,0,0,1,0,0,0,0,0,1,0,0,0,0,0,0,Los Angeles FC,0.85444,8.5444
Shaquell Moore,USA,DF,25,11,11,888,9.9,0,1,0,0,1,0,0.4,0.4,0.8,33,32,53,0,0.1,0.04,0.08,0.04,Nashville SC,7.25,80.65
Omar Gonzalez,USA,DF,33,17,8,762,8.5,0,0,0,0,1,0,0.5,0.5,0,1,17,1,0,0,0.06,0,0.06,New England Revolution,4.25,45
Damien Rivera,CRC,"FW,MF",19,13,4,417,4.6,1,0,0,0,1,0,0.9,0.9,0.2,12,11,38,0.22,0,0.19,0.04,0.19,New England Revolution,0.882,8.82
Elias Manoel,BRA,FW,20,6,5,358,4,2,1,0,0,0,0,1.1,1.1,0.3,4,3,35,0.5,0.25,0.27,0.09,0.27,New York Red Bulls,4.2,49.725
Juan Castillo,COL,DF,19,0,0,NA,NA,NA,NA,NA,NA,NA,NA,NA,NA,NA,NA,NA,NA,NA,NA,NA,NA,NA,New York Red Bulls,1.31,14.6432
Talles Magno,BRA,"FW,MF",19,34,32,2591,28.8,7,8,1,1,3,0,8.8,8,4.6,112,106,210,0.24000000000000002,0.28,0.31,0.16,0.28,New York City FC,9.5,119.8
Maximiliano Moralez,ARG,MF,34,29,24,2100,23.3,2,6,0,1,5,0,3.9,3.1,7.6,78,215,140,0.09,0.26,0.17,0.32,0.13,New York City FC,4.8,50
Maxime Chanot,LUX,DF,32,22,16,1441,16,1,1,0,0,5,0,0.7,0.7,0.1,12,44,3,0.06,0.06,0.04,0.01,0.04,New York City FC,0.6736,11.1597
Thiago,BRA,FW,21,33,14,1405,15.6,5,2,0,0,1,0,5,5,2.4,48,44,135,0.32,0.13,0.32,0.15000000000000002,0.32,New York City FC,2,21.96
Gabriel Pereira,BRA,FW,20,26,14,1345,14.9,8,2,0,0,1,0,4.5,4.5,2.9,33,47,110,0.54,0.13,0.3,0.2,0.3,New York City FC,0.6736,6.736
Samuel Afriyie Owusu,GHA,"DF,MF",21,1,0,12,0.1,0,0,0,0,0,0,0,0,0,0,1,0,0,0,0.26,0,0.26,New York City FC,0.6736,6.736
César Araujo,URU,MF,20,31,28,2458,27.3,0,0,0,0,8,1,0.7,0.7,0.6,22,123,17,0,0,0.03,0.02,0.03,Orlando City,2.55,29.4
Antonio Carlos,BRA,DF,28,21,18,1625,18.1,0,1,0,0,6,0,0.7,0.7,0.1,16,73,5,0,0.06,0.04,0.01,0.04,Orlando City,9,92.5
Alexander Freeman,USA,DF,17,0,0,NA,NA,NA,NA,NA,NA,NA,NA,NA,NA,NA,NA,NA,NA,NA,NA,NA,NA,NA,Orlando City,0.6736,7.136
Sergio Santos Gomes,BRA,FW,27,11,8,608,6.8,1,3,0,0,2,0,1.7,1.7,3.1,13,11,59,0.15000000000000002,0.44,0.25,0.47000000000000003,0.25,Philadelphia Union,7,81.4375
Matthew Real,USA,"MF,DF",22,8,2,173,1.9,1,0,0,0,0,0,0.1,0.1,0,2,4,2,0.52,0,0.07,0.01,0.07,Philadelphia Union,1.4,14.9833
Christopher Donovan,USA,FW,21,6,1,108,1.2,0,0,0,0,0,0,0.1,0.1,0.1,1,2,10,0,0,0.12000000000000001,0.05,0.12000000000000001,Philadelphia Union,0.68775,6.8775
Jesús Daniel Bueno,VEN,MF,22,1,0,13,0.1,0,0,0,0,0,0,0,0,0,0,1,1,0,0,0,0,0,Philadelphia Union,1.7,18.5378
Aljaž Ivačič,SVN,GK,28,32,32,2880,32,0,0,0,0,1,0,0,0,0,1,0,0,0,0,0,0,0,Portland Timbers,3.75,46
Dario Župarić,BIH,DF,29,30,24,2192,24.4,0,0,0,0,6,0,0.6,0.6,0.1,6,34,4,0,0,0.03,0.01,0.03,Portland Timbers,7.35,93.92
Jarosław Niezgoda,POL,FW,26,30,23,1969,21.9,9,2,0,0,0,0,6.5,6.5,3.4,28,43,114,0.41000000000000003,0.09,0.3,0.16,0.3,Portland Timbers,8.5,101.9244
Nathan Fogaça,BRA,FW,22,11,4,409,4.5,2,0,0,0,1,0,2.1,2.1,0.1,9,8,37,0.44,0,0.47000000000000003,0.03,0.47000000000000003,Portland Timbers,0.68775,6.8775
Diego Gutierrez,USA,FW,22,1,0,4,0,0,0,0,0,0,0,0,0,0,1,0,2,0,0,0,0,0,Portland Timbers,0.68775,6.8775
Pablo Ruíz,ARG,MF,23,29,28,2413,26.8,2,4,1,2,9,0,4.3,2.8,4.2,21,163,31,0.07,0.15000000000000002,0.16,0.16,0.1,Real Salt Lake,5,57.35
Rubio Rubin,GUA,"FW,MF",25,23,7,866,9.6,1,0,0,0,1,0,2.1,2.1,0.3,13,25,50,0.1,0,0.22,0.03,0.22,Real Salt Lake,6,67.2847
Bode Davis,USA,"MF,FW",19,6,0,91,1,1,0,0,0,0,0,0.2,0.2,0.4,6,5,16,0.99,0,0.17,0.4,0.17,Real Salt Lake,1.04,10.8294
Daniel Musovski,USA,"FW,MF",26,3,0,45,0.5,0,0,0,0,0,0,0,0,0,1,0,7,0,0,0,0.05,0,Real Salt Lake,0.98687,9.8687
Tomas Gomez,USA,GK,28,0,0,NA,NA,NA,NA,NA,NA,NA,NA,NA,NA,NA,NA,NA,NA,NA,NA,NA,NA,NA,Real Salt Lake,0.85444,8.5444
J.T. Marcinkowski,USA,GK,24,33,33,2925,32.5,0,0,0,0,0,0,0,0,0,0,2,0,0,0,0,0,0,San Jose Earthquakes,3.5,35
Judson,BRA,MF,28,16,7,657,7.3,0,0,0,0,4,0,0.1,0.1,0.1,5,29,4,0,0,0.02,0.01,0.02,San Jose Earthquakes,2.5,25
Oskar Ågren,SWE,DF,23,3,3,249,2.8,0,0,0,0,1,0,0.1,0.1,0,4,4,0,0,0,0.04,0,0.04,San Jose Earthquakes,0.85444,8.5444
Alex Roldan,SLV,DF,25,32,29,2610,29,1,4,0,0,8,1,0.4,0.4,3.7,40,115,173,0.03,0.14,0.01,0.13,0.01,Seattle Sounders FC,3,33.25
Cristian Roldan,USA,"FW,MF",26,26,22,2102,23.4,4,4,0,0,2,0,3.8,3.8,4.1,56,138,168,0.17,0.17,0.16,0.17,0.16,Seattle Sounders FC,13.2,144.1
Léo Chú,BRA,"FW,MF",21,25,8,817,9.1,0,2,0,0,1,0,2,2,1.1,27,18,84,0,0.22,0.22,0.13,0.22,Seattle Sounders FC,5.5,55
Joshua Atencio,USA,MF,20,18,8,725,8.1,0,0,0,0,2,0,0.3,0.3,0.1,15,39,14,0,0,0.03,0.01,0.03,Seattle Sounders FC,0.924,9.6762
Roger Espinoza,HON,MF,35,30,25,1868,20.8,2,1,0,0,11,1,2.3,2.3,2,25,120,50,0.1,0.05,0.11,0.09,0.11,Sporting KC,0.85444,8.5444
Felipe Hernandez,USA,MF,23,34,16,1781,19.8,2,3,0,0,3,0,1.9,1.9,2.9,27,64,66,0.1,0.15000000000000002,0.1,0.15000000000000002,0.1,Sporting KC,1.75,20.7
William Agada,NGA,FW,22,12,10,918,10.2,8,2,0,0,2,0,7.3,7.2,0.5,9,13,34,0.7799999999999999,0.2,0.72,0.05,0.71,Sporting KC,2.25,27.1875
Hugo-Hilaire Mbongue Mbongue,CAN,FW,17,1,0,23,0.3,0,0,0,0,0,0,0,0,0,0,0,1,0,0,0,0,0,Toronto FC,0.6736,7.8787
Adam Pearlman,USA,DF,16,0,0,NA,NA,NA,NA,NA,NA,NA,NA,NA,NA,NA,NA,NA,NA,NA,NA,NA,NA,NA,Toronto FC,5.25,58.5
Ranko Veselinović,SRB,DF,22,31,31,2761,30.7,1,2,0,0,5,0,0.8,0.8,1.1,4,49,0,0.03,0.07,0.03,0.04,0.03,Vancouver Whitecaps FC,4.95,58.05
Deiber Caicedo,COL,"FW,MF",21,16,12,985,10.9,1,2,0,0,2,0,1.6,1.6,1.7,31,29,73,0.09,0.18,0.15000000000000002,0.15000000000000002,0.15000000000000002,Vancouver Whitecaps FC,3.5,38.1125
Caio Alexandre,BRA,"MF,DF",22,4,0,81,0.9,0,0,0,0,2,0,0.1,0.1,0.1,2,5,3,0,0,0.06,0.07,0.06,Vancouver Whitecaps FC,5,56.25
